file,hand_id,decision_idx,street,opp_action,pot_bucket,pot_total,js_cardonly,js_strategyaware,js_oracles,llm_trash,oracle_trash,llm_strong,oracle_strong,belief_sum_raw
cot_pilot_llama8b_t02_s42_informative_v2_enriched.jsonl,37534807,1,PREFLOP,PASSIVE,small,4,0.5306568147695631,0.579082383198328,0.07507638103977049,0.035714285714285705,0.7198922634582046,0.14285714285714282,0.033277247064106556,1.4000000000000001
cot_pilot_llama8b_t02_s42_informative_v2_enriched.jsonl,37534807,3,PREFLOP,AGGRESSIVE,small,10,0.3768336649653944,0.3445791256936866,0.051166562598658503,1.0,0.6967191131462381,0.0,0.040187951275655984,0.9
cot_pilot_llama8b_t02_s42_informative_v2_enriched.jsonl,cad8186c,1,PREFLOP,PASSIVE,small,4,0.5270300241717061,0.5756455139173574,0.07311214132402011,0.03846153846153846,0.7331055217000486,0.1923076923076923,0.03118149213617543,1.3000000000000003
cot_pilot_llama8b_t02_s42_informative_v2_enriched.jsonl,cad8186c,3,PREFLOP,AGGRESSIVE,small,10,0.4411372921798022,0.4757579848971807,0.049787095347029624,0.14285714285714282,0.7115763373162621,0.4285714285714285,0.03776390276689369,1.4000000000000001
cot_pilot_llama8b_t02_s42_informative_v2_enriched.jsonl,7b71dc60,1,PREFLOP,PASSIVE,small,4,0.4256727136367072,0.4716602775996719,0.0752433036670058,0.13333333333333333,0.7147719773117801,0.33333333333333326,0.03340095193199623,1.5000000000000002
cot_pilot_llama8b_t02_s42_informative_v2_enriched.jsonl,7b71dc60,3,PREFLOP,AGGRESSIVE,small,10,0.4424904413190234,0.4778852864593041,0.051322096258936946,0.13793103448275862,0.6912283679638695,0.4137931034482758,0.040285523994101166,1.4500000000000002
cot_pilot_llama8b_t02_s42_informative_v2_enriched.jsonl,82474232,1,PREFLOP,PASSIVE,small,4,0.4934949307449476,0.5380819121486566,0.07376755605267447,0.07407407407407406,0.7257382713650473,0.22222222222222215,0.02943189965608661,1.3500000000000003
cot_pilot_llama8b_t02_s42_informative_v2_enriched.jsonl,82474232,2,FLOP,PASSIVE,small,4,0.37569449057070453,0.3279688736448683,0.0741670040467368,1.0,0.7221224674171374,0.0,0.03008659675275014,0.4
cot_pilot_llama8b_t02_s42_informative_v2_enriched.jsonl,82474232,4,FLOP,AGGRESSIVE,small,6,0.37569449057070453,0.3350821543928138,0.057970308236714674,1.0,0.7113233446832137,0.0,0.034292321379644684,0.95
cot_pilot_llama8b_t02_s42_informative_v2_enriched.jsonl,b060ccfe,1,PREFLOP,PASSIVE,small,4,0.5488179322027944,0.5945081963796829,0.07157711768420641,0.035714285714285705,0.7291749119360457,0.32142857142857134,0.02154723934949976,1.4000000000000004
cot_pilot_llama8b_t02_s42_informative_v2_enriched.jsonl,b060ccfe,3,PREFLOP,AGGRESSIVE,small,10,0.3671568087686602,0.3375224738803224,0.04852926873011925,1.0,0.7075905492567185,0.0,0.026191844075619815,0.95
cot_pilot_llama8b_t02_s42_informative_v2_enriched.jsonl,b060ccfe,4,FLOP,AGGRESSIVE,medium,12,0.4560444298361802,0.48813101665012526,0.04850414859780236,0.13333333333333333,0.7043418513161969,0.33333333333333326,0.027366873352089503,1.5000000000000002
cot_pilot_llama8b_t02_s42_informative_v2_enriched.jsonl,b060ccfe,6,TURN,PASSIVE,medium,12,0.36979967171146766,0.30508895730607233,0.09483554026436389,1.0,0.7559721265220771,0.0,0.018005479379369388,0.95
cot_pilot_llama8b_t02_s42_informative_v2_enriched.jsonl,b060ccfe,8,TURN,AGGRESSIVE,medium,16,0.5959917409718216,0.6524116536465879,0.08208182607025176,0.0,0.7435329767504267,0.3076923076923077,0.020494950886053447,1.3
cot_pilot_llama8b_t02_s42_informative_v2_enriched.jsonl,18178cca,1,PREFLOP,PASSIVE,small,4,0.6052437445711532,0.6408085412366177,0.07311214132402011,0.0,0.7331055217000486,0.22222222222222218,0.03118149213617543,1.3500000000000003
cot_pilot_llama8b_t02_s42_informative_v2_enriched.jsonl,18178cca,2,FLOP,PASSIVE,small,4,0.5332110027379335,0.5825818915212619,0.07213234790210767,0.03571428571428571,0.7476407520658416,0.2857142857142857,0.028503649659709914,1.4000000000000001
cot_pilot_llama8b_t02_s42_informative_v2_enriched.jsonl,18178cca,4,FLOP,AGGRESSIVE,small,6,0.4793903999100877,0.5173777631547255,0.05744626078068097,0.0967741935483871,0.738287983318563,0.3225806451612903,0.03337646547548059,1.5500000000000003
cot_pilot_llama8b_t02_s42_informative_v2_enriched.jsonl,18178cca,5,TURN,AGGRESSIVE,small,8,0.3533256922433486,0.31614563351096087,0.05731074829400288,1.0,0.7397899267267669,0.0,0.030517008942319533,0.95
cot_pilot_llama8b_t02_s42_informative_v2_enriched.jsonl,18178cca,7,RIVER,PASSIVE,small,8,0.5950444696136804,0.6688190845971291,0.10936272589618387,0.0,0.8001632244992604,0.3793103448275862,0.02022932443402762,1.45
cot_pilot_llama8b_t02_s42_informative_v2_enriched.jsonl,18178cca,9,RIVER,AGGRESSIVE,medium,12,0.6135784731750182,0.6751174390870659,0.09447033420356418,0.0,0.784639353507461,0.5384615384615383,0.02294891721356676,1.3000000000000005
cot_pilot_llama8b_t02_s42_informative_v2_enriched.jsonl,cacfe1fb,1,PREFLOP,PASSIVE,small,4,0.4967974568936311,0.5482193586325568,0.07329045094108552,0.07142857142857141,0.733251475380004,0.24999999999999994,0.03118770004675455,1.4000000000000004
cot_pilot_llama8b_t02_s42_informative_v2_enriched.jsonl,cacfe1fb,2,FLOP,PASSIVE,small,4,0.7177305305172202,0.7275483217670972,0.07185055942235727,0.0,0.7383239000929332,0.0,0.024957552946316006,1.0
cot_pilot_llama8b_t02_s42_informative_v2_enriched.jsonl,cacfe1fb,4,FLOP,AGGRESSIVE,small,6,0.5249922253000573,0.5653995174610227,0.05849945520147115,0.038461538461538464,0.7322842632255785,0.3076923076923077,0.029111808293885343,1.3
cot_pilot_llama8b_t02_s42_informative_v2_enriched.jsonl,abc3b716,1,PREFLOP,PASSIVE,small,4,0.49603776640789593,0.5435994876881522,0.07361196074002181,0.07407407407407406,0.7218806532937132,0.2592592592592592,0.029712258701985617,1.3500000000000003
cot_pilot_llama8b_t02_s42_informative_v2_enriched.jsonl,abc3b716,2,FLOP,PASSIVE,small,4,0.390128842712901,0.445156067782344,0.07272284974785583,0.1724137931034483,0.7309454074333323,0.13793103448275862,0.0314470622187019,1.45
cot_pilot_llama8b_t02_s42_informative_v2_enriched.jsonl,abc3b716,4,FLOP,AGGRESSIVE,small,10,0.36761142671510694,0.33307029358971635,0.05575021184445437,1.0,0.7143901286357296,0.0,0.035840264268970384,0.8
cot_pilot_llama8b_t02_s42_informative_v2_enriched.jsonl,d6cec155,1,PREFLOP,PASSIVE,small,4,0.6799998181784744,0.7034032996945494,0.07355343181013559,0.0,0.7265667625306279,0.0,0.027141315022685436,1.2000000000000002
cot_pilot_llama8b_t02_s42_informative_v2_enriched.jsonl,d6cec155,2,FLOP,PASSIVE,small,4,0.39552316850262503,0.4517219354810861,0.07440165722414376,0.15625,0.7184101620103079,0.125,0.031129810634570588,1.6
cot_pilot_llama8b_t02_s42_informative_v2_enriched.jsonl,d6cec155,4,FLOP,AGGRESSIVE,small,6,0.3774175043624125,0.33851256027158083,0.05667254229418624,1.0,0.7060721019659209,0.0,0.03622526877534589,0.95
cot_pilot_llama8b_t02_s42_informative_v2_enriched.jsonl,d6cec155,5,TURN,AGGRESSIVE,small,8,0.3776215104301404,0.338881834492737,0.05666534028266278,1.0,0.7055051815527034,0.0,0.03523327371749839,0.95
cot_pilot_llama8b_t02_s42_informative_v2_enriched.jsonl,d6cec155,7,RIVER,PASSIVE,small,8,0.3819969503395213,0.30570815430180104,0.10934617085353202,1.0,0.7550749646818047,0.0,0.0232282673836978,0.95
cot_pilot_llama8b_t02_s42_informative_v2_enriched.jsonl,d6cec155,9,RIVER,AGGRESSIVE,medium,12,0.3819969503395213,0.3144895747683496,0.09606303622221837,1.0,0.7422351687921902,0.0,0.026343511402064416,0.85
cot_pilot_llama8b_t02_s42_informative_v2_enriched.jsonl,dee47124,1,PREFLOP,PASSIVE,small,4,0.4703493884110459,0.5124169717228026,0.07202541750310656,0.09999999999999998,0.727063994166223,0.23333333333333328,0.023890534267167647,1.5000000000000002
cot_pilot_llama8b_t02_s42_informative_v2_enriched.jsonl,dee47124,3,PREFLOP,AGGRESSIVE,small,10,0.7000706722318375,0.7190577707134355,0.04879197445424172,0.0,0.7051390057993611,0.4499999999999999,0.028997575950888456,1.0
cot_pilot_llama8b_t02_s42_informative_v2_enriched.jsonl,dee47124,5,FLOP,PASSIVE,medium,16,0.36179212078753503,0.294597049457057,0.1114277020266814,1.0,0.7710034565581877,0.0,0.014809859165806093,0.95
cot_pilot_llama8b_t02_s42_informative_v2_enriched.jsonl,dee47124,7,FLOP,AGGRESSIVE,medium,18,0.36179212078753503,0.29758615483051165,0.09490851132457301,1.0,0.7667543822881125,0.0,0.017434589853314683,0.8
cot_pilot_llama8b_t02_s42_informative_v2_enriched.jsonl,26ba4119,1,PREFLOP,PASSIVE,small,4,0.5794961748778091,0.6272216069645795,0.07406314500511509,0.0,0.725486381322957,0.19999999999999996,0.029468403228130872,1.2500000000000002
cot_pilot_llama8b_t02_s42_informative_v2_enriched.jsonl,26ba4119,2,FLOP,PASSIVE,small,4,0.476144153090919,0.527139559830897,0.0737479690235914,0.07142857142857141,0.7242763355135553,0.3214285714285714,0.026895865327940922,1.4000000000000004
cot_pilot_llama8b_t02_s42_informative_v2_enriched.jsonl,26ba4119,4,FLOP,AGGRESSIVE,small,6,0.37396836422011315,0.3360028718352986,0.05456141473739634,1.0,0.7099166324532993,0.0,0.03150903927103705,0.9
cot_pilot_llama8b_t02_s42_informative_v2_enriched.jsonl,ad2c3442,1,PREFLOP,PASSIVE,small,4,0.36971334737689054,0.3247122234251335,0.07283934631058263,1.0,0.7270248394697553,0.0,0.027066208608378182,0.35
cot_pilot_llama8b_t02_s42_informative_v2_enriched.jsonl,ad2c3442,2,FLOP,PASSIVE,small,4,0.5298697367792176,0.5782559084694225,0.07149878445467425,0.03999999999999999,0.7303142211101578,0.3999999999999999,0.027490170147830083,1.2500000000000004
cot_pilot_llama8b_t02_s42_informative_v2_enriched.jsonl,ad2c3442,4,FLOP,AGGRESSIVE,small,6,0.6082028434099634,0.6129221544685436,0.05654202682142726,0.2,0.7226857176645866,0.0,0.03292330152176995,1.0
cot_pilot_llama8b_t02_s42_informative_v2_enriched.jsonl,966e127b,1,PREFLOP,PASSIVE,small,4,0.3671568087686602,0.3213076275435311,0.07407415539236638,1.0,0.7321210107523578,0.0,0.03305250859764297,0.8
cot_pilot_llama8b_t02_s42_informative_v2_enriched.jsonl,966e127b,3,PREFLOP,AGGRESSIVE,small,10,0.3671568087686602,0.335753903901806,0.0505164351999611,1.0,0.7102972143800323,0.0,0.04000077173938718,0.95
cot_pilot_llama8b_t02_s42_informative_v2_enriched.jsonl,59e44174,1,PREFLOP,PASSIVE,small,4,0.47435858172398615,0.527009703206626,0.07488497567932488,0.07407407407407406,0.7234091169773964,0.18518518518518512,0.03128254176409443,1.3500000000000005
cot_pilot_llama8b_t02_s42_informative_v2_enriched.jsonl,59e44174,2,FLOP,PASSIVE,small,4,0.4705014845866352,0.5273575282790843,0.07699789846653148,0.07407407407407406,0.7190774962179811,0.18518518518518512,0.0356456531657468,1.3500000000000003
cot_pilot_llama8b_t02_s42_informative_v2_enriched.jsonl,59e44174,4,FLOP,AGGRESSIVE,small,6,0.3779911629148049,0.3322098772436272,0.06569039365920644,1.0,0.7156987372684321,0.0,0.04090799215237618,0.9
cot_pilot_llama8b_t02_s42_informative_v2_enriched.jsonl,59e44174,5,TURN,AGGRESSIVE,small,8,0.4343335820575883,0.4801877063928564,0.0642666434835282,0.13333333333333333,0.7091913101024704,0.19999999999999998,0.04274451103633369,1.5000000000000002
cot_pilot_llama8b_t02_s42_informative_v2_enriched.jsonl,59e44174,7,RIVER,PASSIVE,small,8,0.37824775187441334,0.31018625229182684,0.09870132314567068,1.0,0.7485541716759018,0.0,0.024822392065075718,0.95
cot_pilot_llama8b_t02_s42_informative_v2_enriched.jsonl,59e44174,9,RIVER,AGGRESSIVE,medium,20,0.37824775187441334,0.3172167960307285,0.0872342291594291,1.0,0.7382043742502623,0.0,0.027691589526803197,0.95
cot_pilot_llama8b_t02_s42_informative_v2_enriched.jsonl,8c64bf1f,1,PREFLOP,PASSIVE,small,4,0.5032215767155231,0.5465847210772783,0.0745025208110341,0.07407407407407404,0.7192749935364474,0.29629629629629617,0.03142148258015942,1.3500000000000003
cot_pilot_llama8b_t02_s42_informative_v2_enriched.jsonl,8c64bf1f,2,FLOP,PASSIVE,small,4,0.4764695414252767,0.5300608332859894,0.07565327063629015,0.06666666666666667,0.7216087654852158,0.30000000000000004,0.03357919979978716,1.5000000000000002
cot_pilot_llama8b_t02_s42_informative_v2_enriched.jsonl,8c64bf1f,4,FLOP,AGGRESSIVE,small,6,0.5868717652077869,0.6247926028582018,0.0574296751508784,0.0,0.7082073783130924,0.4642857142857142,0.03952384372126508,1.4000000000000001
cot_pilot_llama8b_t02_s42_informative_v2_enriched.jsonl,8c64bf1f,5,TURN,AGGRESSIVE,small,8,0.3764223608079015,0.3376084445178525,0.05800066043992583,1.0,0.7074587907527481,0.0,0.039259751368143254,0.95
cot_pilot_llama8b_t02_s42_informative_v2_enriched.jsonl,8c64bf1f,7,RIVER,PASSIVE,small,8,0.7434555254453094,0.7633154637150593,0.11259423691695032,0.0,0.7706409399542886,0.45,0.023225165317359547,1.0
cot_pilot_llama8b_t02_s42_informative_v2_enriched.jsonl,8c64bf1f,9,RIVER,AGGRESSIVE,medium,12,0.37511249235271005,0.30994167769046704,0.09389996269765595,1.0,0.7489117666493882,0.0,0.02745514036749995,0.95
cot_pilot_llama8b_t02_s42_informative_v2_enriched.jsonl,25c29e38,1,PREFLOP,PASSIVE,small,4,0.5108875536685156,0.5554156030416131,0.07233407907236823,0.07692307692307691,0.7353265067816399,0.3461538461538461,0.027033144704931317,1.3000000000000005
cot_pilot_llama8b_t02_s42_informative_v2_enriched.jsonl,25c29e38,3,PREFLOP,AGGRESSIVE,small,10,0.3635649542650579,0.33332956397645136,0.0492012515747054,1.0,0.7139954537316966,0.0,0.0327899406287604,0.8
cot_pilot_llama8b_t02_s42_informative_v2_enriched.jsonl,718dff78,1,PREFLOP,PASSIVE,small,4,0.7159814149313815,0.730511517378503,0.07296747933263494,0.0,0.7257519479181134,0.30000000000000004,0.025785552025879656,1.0
cot_pilot_llama8b_t02_s42_informative_v2_enriched.jsonl,718dff78,2,FLOP,PASSIVE,small,4,0.4330896170963322,0.4852863060290625,0.07394209158257295,0.125,0.7307473832728989,0.3125,0.029292480968794735,1.6
cot_pilot_llama8b_t02_s42_informative_v2_enriched.jsonl,718dff78,4,FLOP,AGGRESSIVE,small,10,0.3681911955657236,0.3358940570451112,0.05292537690767719,1.0,0.7100829889213992,0.0,0.034239041472029455,0.8
cot_pilot_llama8b_t02_s42_informative_v2_enriched.jsonl,248aa1d7,1,PREFLOP,PASSIVE,small,4,0.43631182141244096,0.4874554149336938,0.07441343588141183,0.1379310344827586,0.7328978529932714,0.34482758620689646,0.03311604546943046,1.4500000000000002
cot_pilot_llama8b_t02_s42_informative_v2_enriched.jsonl,248aa1d7,2,FLOP,PASSIVE,small,4,0.4970503759746047,0.5449067185777123,0.07509143021482691,0.06504065040650406,0.7286651247247508,0.17886178861788615,0.03557387353337501,1.2300000000000002
cot_pilot_llama8b_t02_s42_informative_v2_enriched.jsonl,248aa1d7,4,FLOP,AGGRESSIVE,small,6,0.44706532135033134,0.4938239964383742,0.058665179269676265,0.1111111111111111,0.7203202061352603,0.2222222222222222,0.04066740485488556,1.3499999999999999
cot_pilot_llama8b_t02_s42_informative_v2_enriched.jsonl,4041962c,1,PREFLOP,PASSIVE,small,4,0.578206275267373,0.5921964677705782,0.07441343588141183,0.07692307692307691,0.7328978529932714,0.1923076923076923,0.03311604546943046,1.3000000000000003
cot_pilot_llama8b_t02_s42_informative_v2_enriched.jsonl,4041962c,2,FLOP,PASSIVE,small,4,0.711070553555779,0.7217431725863087,0.07459161246854919,0.0,0.7309128539210143,0.0,0.030866394336238195,1.0
cot_pilot_llama8b_t02_s42_informative_v2_enriched.jsonl,4041962c,4,FLOP,AGGRESSIVE,small,10,0.3681911955657236,0.33393876083737006,0.05353170476841149,1.0,0.7130674669226741,0.0,0.036180002092197315,0.95
cot_pilot_llama8b_t02_s42_informative_v2_enriched.jsonl,f34d7e40,1,PREFLOP,PASSIVE,small,4,0.5994995308022937,0.6369908515621261,0.07505713067503973,0.0,0.7175930707285441,0.22222222222222218,0.03345821059625772,1.3500000000000003
cot_pilot_llama8b_t02_s42_informative_v2_enriched.jsonl,f34d7e40,2,FLOP,PASSIVE,small,4,0.5613154190612214,0.613272550644099,0.0747432186778454,0.0,0.7157723232121451,0.2222222222222222,0.03398629977360504,1.35
cot_pilot_llama8b_t02_s42_informative_v2_enriched.jsonl,f34d7e40,4,FLOP,AGGRESSIVE,small,6,0.38085447714954884,0.34024529078156385,0.05923181058704405,1.0,0.7034092407132893,0.0,0.03846541898142859,0.95
cot_pilot_llama8b_t02_s42_informative_v2_enriched.jsonl,fc4dc8db,1,PREFLOP,PASSIVE,small,4,0.6001208264911055,0.6390979805266833,0.07273716519508129,0.0,0.7224739376865728,0.18518518518518515,0.027332394281775425,1.3500000000000005
cot_pilot_llama8b_t02_s42_informative_v2_enriched.jsonl,fc4dc8db,2,FLOP,PASSIVE,small,4,0.44520384663889967,0.4964520749266847,0.07359487867518703,0.10344827586206896,0.718519402861117,0.13793103448275862,0.03124390091979325,1.45
cot_pilot_llama8b_t02_s42_informative_v2_enriched.jsonl,fc4dc8db,4,FLOP,AGGRESSIVE,small,6,0.3774175043624125,0.33609991865929584,0.059572425581062,1.0,0.7097682433253146,0.0,0.035528682277370376,0.85
cot_pilot_llama8b_t02_s42_informative_v2_enriched.jsonl,e36d75bc,1,PREFLOP,PASSIVE,small,4,0.5115916556346085,0.5628725409524276,0.07418921726493916,0.03846153846153846,0.7155406914798264,0.30769230769230765,0.03365377101866826,1.3000000000000003
cot_pilot_llama8b_t02_s42_informative_v2_enriched.jsonl,e36d75bc,2,FLOP,PASSIVE,small,4,0.3899644235837019,0.33990611513670344,0.07562283076151602,1.0,0.7039310295641042,0.0,0.03877574510483764,0.9
cot_pilot_llama8b_t02_s42_informative_v2_enriched.jsonl,e36d75bc,4,FLOP,AGGRESSIVE,small,6,0.3899644235837019,0.34582466721075567,0.06303355143335407,1.0,0.6947886178143482,0.0,0.04329657683710613,0.95
cot_pilot_llama8b_t02_s42_informative_v2_enriched.jsonl,d5a8c89c,1,PREFLOP,PASSIVE,small,4,0.47356366511439324,0.5161619480982206,0.07274205305835198,0.10344827586206895,0.7252117738079119,0.20689655172413796,0.025213835739368307,1.4500000000000004
cot_pilot_llama8b_t02_s42_informative_v2_enriched.jsonl,d5a8c89c,2,FLOP,PASSIVE,small,4,0.7086632275145585,0.7189117224345762,0.073419086087174,0.0,0.7215002917188562,0.0,0.025225521115957245,1.0
cot_pilot_llama8b_t02_s42_informative_v2_enriched.jsonl,d5a8c89c,4,FLOP,AGGRESSIVE,small,10,0.7160763759461666,0.7219525408170384,0.0580099721957934,0.0,0.7076947254399952,0.0,0.028569032827327985,1.0
cot_pilot_llama8b_t02_s42_informative_v2_enriched.jsonl,94f01cdd,1,PREFLOP,PASSIVE,small,4,0.5048325959620866,0.5463383121156121,0.07461854250850937,0.07407407407407404,0.7230666290328251,0.22222222222222215,0.031234585379974075,1.3500000000000005
cot_pilot_llama8b_t02_s42_informative_v2_enriched.jsonl,94f01cdd,2,FLOP,PASSIVE,small,4,0.5246493747247837,0.5768008742633173,0.07615716895651822,0.03846153846153846,0.7167088141271171,0.30769230769230765,0.035776049798845584,1.3000000000000003
cot_pilot_llama8b_t02_s42_informative_v2_enriched.jsonl,94f01cdd,4,FLOP,AGGRESSIVE,small,6,0.3797101368701257,0.33708812387681286,0.060954439550202674,1.0,0.7082559696161222,0.0,0.04060594862428067,0.95
cot_pilot_llama8b_t02_s42_informative_v2_enriched.jsonl,94f01cdd,5,TURN,AGGRESSIVE,small,8,0.7511365403699808,0.7575304374690368,0.06035725099382588,0.0,0.710439534197655,0.0,0.03987338958426204,1.0
cot_pilot_llama8b_t02_s42_informative_v2_enriched.jsonl,94f01cdd,7,RIVER,PASSIVE,small,8,0.5267422497873049,0.520366952346113,0.10411858119784391,0.45,0.7573581382917288,0.55,0.026502067207814374,1.0
cot_pilot_llama8b_t02_s42_informative_v2_enriched.jsonl,94f01cdd,9,RIVER,AGGRESSIVE,medium,20,0.37824775187441334,0.3134646568760378,0.0905320164465813,1.0,0.7437447747129661,0.0,0.02986615737139793,0.8
cot_pilot_llama8b_t02_s42_informative_v2_enriched.jsonl,86b6c071,1,PREFLOP,PASSIVE,small,4,0.5254605361361887,0.5718007064370705,0.07507638103977049,0.03846153846153846,0.7198922634582046,0.1923076923076923,0.033277247064106556,1.3000000000000003
cot_pilot_llama8b_t02_s42_informative_v2_enriched.jsonl,86b6c071,2,FLOP,PASSIVE,small,4,0.47239265557586885,0.5255344401053358,0.07562054193084411,0.06451612903225806,0.7159285800994165,0.1935483870967742,0.03591953277631431,1.55
cot_pilot_llama8b_t02_s42_informative_v2_enriched.jsonl,86b6c071,4,FLOP,AGGRESSIVE,small,6,0.4901040599265574,0.5369976405694475,0.060690342996530776,0.07692307692307691,0.7069654494813263,0.423076923076923,0.04070680678258311,1.3000000000000003
cot_pilot_llama8b_t02_s42_informative_v2_enriched.jsonl,96042207,1,PREFLOP,PASSIVE,small,4,0.3768336649653944,0.32944459124627856,0.07507638103977049,1.0,0.7198922634582046,0.0,0.033277247064106556,1.0
cot_pilot_llama8b_t02_s42_informative_v2_enriched.jsonl,96042207,2,FLOP,PASSIVE,small,4,0.5239340291321659,0.5756116578284711,0.07516055145400159,0.03846153846153846,0.7216817617360364,0.30769230769230765,0.03092120449132829,1.3000000000000003
cot_pilot_llama8b_t02_s42_informative_v2_enriched.jsonl,96042207,4,FLOP,AGGRESSIVE,small,10,0.3751194644979772,0.3381346706288487,0.05625515878391742,1.0,0.7066519218592077,0.0,0.03560529935634182,0.8
cot_pilot_llama8b_t02_s42_informative_v2_enriched.jsonl,b4c071c1,1,PREFLOP,PASSIVE,small,4,0.3753124303272916,0.32866124125196305,0.0732488189706859,1.0,0.7210767879477644,0.0,0.029670981460405265,0.8
cot_pilot_llama8b_t02_s42_informative_v2_enriched.jsonl,b4c071c1,2,FLOP,PASSIVE,small,4,0.720500271310967,0.728507661541492,0.07342730667056804,0.0,0.7188207860731555,0.0,0.03403566315675416,1.0
cot_pilot_llama8b_t02_s42_informative_v2_enriched.jsonl,b4c071c1,4,FLOP,AGGRESSIVE,small,10,0.3774175043624125,0.3408589814650264,0.058399028426880266,1.0,0.7024644685084576,0.0,0.03830281535741371,0.95
cot_pilot_llama8b_t02_s42_informative_v2_enriched.jsonl,87746282,1,PREFLOP,PASSIVE,small,4,0.5001065571926884,0.5500064418767086,0.0734631549432896,0.07407407407407406,0.7272059307448678,0.18518518518518512,0.027132995493160433,1.3500000000000003
cot_pilot_llama8b_t02_s42_informative_v2_enriched.jsonl,87746282,3,PREFLOP,AGGRESSIVE,small,10,0.37022377344268287,0.3392119222349568,0.04990958850190493,1.0,0.7049981545539243,0.0,0.032876042417608435,0.9
cot_pilot_llama8b_t02_s42_informative_v2_enriched.jsonl,7c9c226c,1,PREFLOP,PASSIVE,small,4,0.3722626029365459,0.32683504162058,0.07331585392998763,1.0,0.723832303525272,0.0,0.027538805087703417,0.8
cot_pilot_llama8b_t02_s42_informative_v2_enriched.jsonl,7c9c226c,2,FLOP,PASSIVE,small,4,0.7143436343498049,0.7236050691412189,0.07414319279445698,0.0,0.7199982028125983,0.0,0.027370347224775052,1.0
cot_pilot_llama8b_t02_s42_informative_v2_enriched.jsonl,7c9c226c,4,FLOP,AGGRESSIVE,small,6,0.43556869277567317,0.48184025790250323,0.05816904905824144,0.12903225806451613,0.7095702478585653,0.3225806451612903,0.031119483370004808,1.5500000000000003
cot_pilot_llama8b_t02_s42_informative_v2_enriched.jsonl,a1ce886f,1,PREFLOP,PASSIVE,small,4,0.6801804449998742,0.7075402497806467,0.07346663124180956,0.0,0.7250955234631619,0.24999999999999994,0.027166304250692594,1.2000000000000002
cot_pilot_llama8b_t02_s42_informative_v2_enriched.jsonl,a1ce886f,2,FLOP,PASSIVE,small,4,0.4796658852617721,0.5267172454038211,0.07324499724802475,0.07407407407407404,0.7187527026080935,0.2592592592592592,0.024775451876073364,1.3500000000000003
cot_pilot_llama8b_t02_s42_informative_v2_enriched.jsonl,a1ce886f,4,FLOP,AGGRESSIVE,small,6,0.37626917081275685,0.3349211328718409,0.05860620404686523,1.0,0.711569153894483,0.0,0.02832803757820373,0.9
cot_pilot_llama8b_t02_s42_informative_v2_enriched.jsonl,a1ce886f,5,TURN,AGGRESSIVE,small,8,0.38001542156846707,0.3387471556437218,0.05895438349976891,1.0,0.7057119809540643,0.0,0.029877807398759365,0.9
cot_pilot_llama8b_t02_s42_informative_v2_enriched.jsonl,a1ce886f,7,RIVER,PASSIVE,small,8,0.39527421885323577,0.4729955383403159,0.10568698344146976,0.19999999999999998,0.7488120207473654,0.26666666666666666,0.01930568267611201,1.5000000000000002
cot_pilot_llama8b_t02_s42_informative_v2_enriched.jsonl,a1ce886f,9,RIVER,AGGRESSIVE,medium,20,0.38074876678413266,0.31960821965789005,0.09294621129183352,1.0,0.7346535126019252,0.0,0.021874154957472376,0.95
cot_pilot_llama8b_t02_s42_informative_v2_enriched.jsonl,9c55f57f,1,PREFLOP,PASSIVE,small,4,0.37986902112376697,0.331821109581139,0.07419152138996014,1.0,0.7162894268386937,0.0,0.033643255404030625,0.4
cot_pilot_llama8b_t02_s42_informative_v2_enriched.jsonl,9c55f57f,2,FLOP,PASSIVE,small,4,0.7220220535529901,0.72931908723225,0.07494851628160108,0.0,0.7213189620824925,0.0,0.03603250280097919,1.0
cot_pilot_llama8b_t02_s42_informative_v2_enriched.jsonl,9c55f57f,4,FLOP,AGGRESSIVE,small,6,0.37684350786694226,0.3371365834894095,0.058968594876410305,1.0,0.7081817517856837,0.0,0.04093766773297612,0.95
cot_pilot_llama8b_t02_s42_informative_v2_enriched.jsonl,006a6fdb,1,PREFLOP,PASSIVE,small,4,0.5034583785633135,0.5468731055399961,0.07490327212204673,0.07407407407407404,0.7230436044483598,0.29629629629629617,0.033167902540293386,1.3500000000000003
cot_pilot_llama8b_t02_s42_informative_v2_enriched.jsonl,006a6fdb,3,PREFLOP,AGGRESSIVE,small,10,0.4036418812444555,0.4386919073987318,0.0510009264252006,0.18749999999999994,0.7003706137674218,0.4374999999999999,0.04009935178056146,1.6000000000000003
cot_pilot_llama8b_t02_s42_informative_v2_enriched.jsonl,e0e2bc96,1,PREFLOP,PASSIVE,small,4,0.5009935154240245,0.5455429673266349,0.07409190353634763,0.07142857142857141,0.7323758705644817,0.21428571428571425,0.0330855173136816,1.4000000000000004
cot_pilot_llama8b_t02_s42_informative_v2_enriched.jsonl,e0e2bc96,2,FLOP,PASSIVE,small,4,0.5927732018411296,0.6411727808745722,0.07289054584039192,0.0,0.7296358083362893,0.31999999999999995,0.03112689152025952,1.2500000000000002
cot_pilot_llama8b_t02_s42_informative_v2_enriched.jsonl,e0e2bc96,4,FLOP,AGGRESSIVE,small,6,0.4870471097941499,0.529320111814854,0.059517912940447955,0.06451612903225806,0.7186318373174151,0.29032258064516125,0.0350870805584197,1.55
cot_pilot_llama8b_t02_s42_informative_v2_enriched.jsonl,fa9b458f,1,PREFLOP,PASSIVE,small,4,0.49480592530134343,0.5410211800019542,0.07367161070713202,0.07407407407407406,0.7246258508283128,0.22222222222222215,0.027579933907190216,1.3500000000000003
cot_pilot_llama8b_t02_s42_informative_v2_enriched.jsonl,fa9b458f,2,FLOP,PASSIVE,small,4,0.45010277463684584,0.500712839540507,0.07478069598834995,0.10714285714285712,0.7182281451818051,0.17857142857142855,0.0315379817989349,1.4
cot_pilot_llama8b_t02_s42_informative_v2_enriched.jsonl,fa9b458f,4,FLOP,AGGRESSIVE,small,6,0.4203969193552858,0.46892673890907144,0.06101803316303616,0.13793103448275862,0.7117460337813876,0.3448275862068965,0.03572009976395625,1.4500000000000002
cot_pilot_llama8b_t02_s42_informative_v2_enriched.jsonl,27a05147,1,PREFLOP,PASSIVE,small,4,0.532109116013426,0.5566708536818584,0.0739700529873093,0.06666666666666667,0.7250343527738904,0.06666666666666667,0.02947255973503029,1.5000000000000002
cot_pilot_llama8b_t02_s42_informative_v2_enriched.jsonl,27a05147,4,FLOP,AGGRESSIVE,small,10,0.358280865395643,0.32697613334945796,0.05155664971134127,1.0,0.7236197105485676,0.0,0.03421906943241006,0.9
cot_pilot_llama8b_t02_s42_informative_v2_enriched.jsonl,d3b2ce5a,1,PREFLOP,PASSIVE,small,4,0.5764914470372701,0.6033684602829917,0.07297399142628894,0.07692307692307691,0.7260429149107097,0.15384615384615383,0.02758277120275749,1.3
cot_pilot_llama8b_t02_s42_informative_v2_enriched.jsonl,d3b2ce5a,2,FLOP,PASSIVE,small,4,0.47405958333433096,0.5261664313905158,0.0744356210633082,0.06896551724137931,0.7207817885128828,0.1724137931034483,0.03139844627298638,1.4500000000000002
cot_pilot_llama8b_t02_s42_informative_v2_enriched.jsonl,d3b2ce5a,4,FLOP,AGGRESSIVE,small,6,0.3751194644979772,0.3311390061648269,0.06455303262902339,1.0,0.7173249196747865,0.0,0.035982353958637116,0.95
cot_pilot_llama8b_t02_s42_informative_v2_enriched.jsonl,98543041,1,PREFLOP,PASSIVE,small,4,0.4985837775888903,0.5482492521471118,0.07507856661693484,0.07407407407407406,0.7204861681281266,0.33333333333333326,0.03339646257311864,1.3500000000000003
cot_pilot_llama8b_t02_s42_informative_v2_enriched.jsonl,98543041,3,PREFLOP,AGGRESSIVE,small,10,0.3768336649653944,0.3443360458574599,0.05128691995325896,1.0,0.6970954688217468,0.0,0.04026790044585158,1.0
cot_pilot_llama8b_t02_s42_informative_v2_enriched.jsonl,bab078ac,1,PREFLOP,PASSIVE,small,4,0.3722626029365459,0.3254502270132941,0.07438036579640883,1.0,0.7259162398095373,0.0,0.029504545126614264,0.9
cot_pilot_llama8b_t02_s42_informative_v2_enriched.jsonl,bab078ac,2,FLOP,PASSIVE,small,4,0.5156410568512703,0.5671799519085925,0.07500768557700732,0.034482758620689655,0.7236049562757065,0.13793103448275862,0.03360018075104115,1.45
cot_pilot_llama8b_t02_s42_informative_v2_enriched.jsonl,bab078ac,4,FLOP,AGGRESSIVE,small,6,0.43411913834705446,0.47571499651452914,0.05682943004239913,0.14285714285714288,0.7124801031629044,0.1785714285714286,0.039159099636517196,1.4
cot_pilot_llama8b_t02_s42_informative_v2_enriched.jsonl,496ce031,1,PREFLOP,PASSIVE,small,4,0.37835251245368445,0.3305229594364924,0.0750106192327111,1.0,0.7182591566230934,0.0,0.033447816819113366,0.8
cot_pilot_llama8b_t02_s42_informative_v2_enriched.jsonl,496ce031,2,FLOP,PASSIVE,small,4,0.47603088913171127,0.5287304206786795,0.07442796746737611,0.06666666666666667,0.716059025704038,0.13333333333333333,0.0339292892257421,1.5000000000000002
cot_pilot_llama8b_t02_s42_informative_v2_enriched.jsonl,496ce031,4,FLOP,AGGRESSIVE,small,6,0.38028246954119865,0.34002239812272833,0.05893180597924977,1.0,0.7037521691567215,0.0,0.038489042384656724,0.95
cot_pilot_llama8b_t02_s42_informative_v2_enriched.jsonl,0260fec8,1,PREFLOP,PASSIVE,small,4,0.5097384923542945,0.5524444688283793,0.0734631549432896,0.07407407407407404,0.7272059307448678,0.29629629629629617,0.027132995493160433,1.3500000000000003
cot_pilot_llama8b_t02_s42_informative_v2_enriched.jsonl,0260fec8,2,FLOP,PASSIVE,small,4,0.5347834929434773,0.5817533124302878,0.07304826319197164,0.03846153846153846,0.7338453871486474,0.15384615384615383,0.030924625335874825,1.3
cot_pilot_llama8b_t02_s42_informative_v2_enriched.jsonl,0260fec8,4,FLOP,AGGRESSIVE,small,10,0.36586980259683544,0.33093007677662845,0.05734555316683796,1.0,0.7176418658227153,0.0,0.03486527451026662,0.8
cot_pilot_llama8b_t02_s42_informative_v2_enriched.jsonl,e3b5e34f,1,PREFLOP,PASSIVE,small,4,0.43724301751847566,0.4880846428561756,0.07522019642450727,0.13333333333333333,0.7234278208604292,0.2333333333333333,0.03320745680118797,1.5000000000000002
cot_pilot_llama8b_t02_s42_informative_v2_enriched.jsonl,e3b5e34f,2,FLOP,PASSIVE,small,4,0.45342754876662794,0.50689728748927,0.07400101737523583,0.11111111111111108,0.7325870101425584,0.22222222222222215,0.03330821570704762,1.35
cot_pilot_llama8b_t02_s42_informative_v2_enriched.jsonl,e3b5e34f,4,FLOP,AGGRESSIVE,small,6,0.3664507331046664,0.32549214411593447,0.0611376949778625,1.0,0.7258532320810532,0.0,0.03871718288188592,0.8
cot_pilot_llama8b_t02_s42_informative_v2_enriched.jsonl,446733ab,1,PREFLOP,PASSIVE,small,4,0.49990176294771727,0.5450163971670582,0.07354224911838156,0.06896551724137931,0.7208256241178406,0.3448275862068966,0.0296124527135381,1.4500000000000004
cot_pilot_llama8b_t02_s42_informative_v2_enriched.jsonl,446733ab,2,FLOP,PASSIVE,small,4,0.5990482014476742,0.5951725065720589,0.0724970295889866,0.2,0.7193072268405432,0.0,0.02381343787026244,1.0
cot_pilot_llama8b_t02_s42_informative_v2_enriched.jsonl,446733ab,4,FLOP,AGGRESSIVE,small,6,0.7117542464365776,0.7297080740082819,0.0549704016972558,0.0,0.7079361874805347,0.0,0.027566388085000934,1.0
cot_pilot_llama8b_t02_s42_informative_v2_enriched.jsonl,242add20,1,PREFLOP,PASSIVE,small,4,0.3753124303272916,0.32818594720997524,0.07356300530711572,1.0,0.7217947506695203,0.0,0.029721435916815978,0.9
cot_pilot_llama8b_t02_s42_informative_v2_enriched.jsonl,242add20,2,FLOP,PASSIVE,small,4,0.38216172732421344,0.4386365508205307,0.07499003299279683,0.17241379310344826,0.7225469238468284,0.27586206896551724,0.030176656905023788,1.4500000000000002
cot_pilot_llama8b_t02_s42_informative_v2_enriched.jsonl,242add20,4,FLOP,AGGRESSIVE,small,10,0.3762691708127568,0.33867111581628967,0.05759429375373845,1.0,0.7058287215935946,0.0,0.0342884262488225,0.95
cot_pilot_llama8b_t02_s42_informative_v2_enriched.jsonl,082e073e,1,PREFLOP,PASSIVE,small,4,0.482804975954485,0.5318012614274885,0.07454625224681632,0.06451612903225806,0.7217456756013917,0.25806451612903225,0.029771838459977003,1.55
cot_pilot_llama8b_t02_s42_informative_v2_enriched.jsonl,082e073e,2,FLOP,PASSIVE,small,4,0.37569449057070453,0.3295768613735605,0.07420321774458596,1.0,0.719692104488676,0.0,0.025600312304999033,0.4
cot_pilot_llama8b_t02_s42_informative_v2_enriched.jsonl,082e073e,4,FLOP,AGGRESSIVE,small,6,0.37569449057070453,0.33280454149163463,0.06313254470446582,1.0,0.7147945022816766,0.0,0.02974421443606757,0.95
cot_pilot_llama8b_t02_s42_informative_v2_enriched.jsonl,c87ce097,1,PREFLOP,PASSIVE,small,4,0.3753124303272916,0.3283347325913049,0.0749091381380224,1.0,0.7215700610393837,0.0,0.03320745680118798,0.8
cot_pilot_llama8b_t02_s42_informative_v2_enriched.jsonl,c87ce097,2,FLOP,PASSIVE,small,4,0.519324053344295,0.5720864512917198,0.07296226578705432,0.037037037037037035,0.7240812176972758,0.18518518518518517,0.026518925566001585,1.35
cot_pilot_llama8b_t02_s42_informative_v2_enriched.jsonl,c87ce097,4,FLOP,AGGRESSIVE,small,6,0.3710843737987794,0.3286449595105188,0.06158575446383937,1.0,0.7211013918703888,0.0,0.031120337117759793,0.9
cot_pilot_llama8b_t02_s42_informative_v2_enriched.jsonl,c25a0aa1,1,PREFLOP,PASSIVE,small,4,0.49368360364337627,0.5445973532219077,0.07517420397482302,0.0689655172413793,0.7220753412900311,0.2758620689655172,0.033248474401090626,1.4500000000000002
cot_pilot_llama8b_t02_s42_informative_v2_enriched.jsonl,c25a0aa1,2,FLOP,PASSIVE,small,4,0.37684350786694226,0.3293958490092315,0.07610418405482577,1.0,0.7199660121975238,0.0,0.035699566799884105,0.8
cot_pilot_llama8b_t02_s42_informative_v2_enriched.jsonl,c25a0aa1,4,FLOP,AGGRESSIVE,small,10,0.37684350786694226,0.34089613047226247,0.057053680404274165,1.0,0.7024072503143269,0.0,0.04100787249378855,0.9
cot_pilot_llama8b_t02_s42_informative_v2_enriched.jsonl,e6051642,1,PREFLOP,PASSIVE,small,4,0.4862964466491516,0.5375642188875045,0.07416163688267996,0.07407407407407406,0.7194365618342652,0.22222222222222215,0.03149336390806126,1.3500000000000003
cot_pilot_llama8b_t02_s42_informative_v2_enriched.jsonl,e6051642,3,PREFLOP,AGGRESSIVE,small,10,0.37683366496539433,0.3449267466280438,0.05079329755039849,1.0,0.6961806712188691,0.0,0.03798425081689241,0.8
cot_pilot_llama8b_t02_s42_informative_v2_enriched.jsonl,c4ef3d31,1,PREFLOP,PASSIVE,small,4,0.37378875954377877,0.3268540711169383,0.07438245232856447,1.0,0.7238036333429644,0.0,0.029540775787344715,0.8
cot_pilot_llama8b_t02_s42_informative_v2_enriched.jsonl,c4ef3d31,3,PREFLOP,AGGRESSIVE,small,10,0.37378875954377877,0.34191710410111,0.05047356589142888,1.0,0.7008334841269813,0.0,0.03573874259282016,0.85
cot_pilot_llama8b_t02_s42_informative_v2_enriched.jsonl,99d64d3b,1,PREFLOP,PASSIVE,small,4,0.4998815285887152,0.5514892046039848,0.07479708976731707,0.0689655172413793,0.7201491487138325,0.34482758620689646,0.033236158485488734,1.4500000000000004
cot_pilot_llama8b_t02_s42_informative_v2_enriched.jsonl,99d64d3b,2,FLOP,PASSIVE,small,4,0.42956289363759115,0.48439377879965473,0.07495676673576275,0.13333333333333333,0.7189713495109842,0.3333333333333333,0.030981811293976598,1.5000000000000002
cot_pilot_llama8b_t02_s42_informative_v2_enriched.jsonl,99d64d3b,4,FLOP,AGGRESSIVE,small,6,0.4305229140707765,0.47914871383306074,0.06447294013218502,0.14285714285714285,0.713489906452431,0.3928571428571428,0.03602316375320479,1.4000000000000001
cot_pilot_llama8b_t02_s42_informative_v2_enriched.jsonl,27d83dc1,1,PREFLOP,PASSIVE,small,4,0.49834406721807345,0.5454255695251539,0.07331585392998763,0.07407407407407406,0.723832303525272,0.33333333333333326,0.027538805087703417,1.3500000000000003
cot_pilot_llama8b_t02_s42_informative_v2_enriched.jsonl,27d83dc1,2,FLOP,PASSIVE,small,4,0.5174423409278108,0.5672513937403247,0.07196273385873182,0.037037037037037035,0.7281584245500354,0.25925925925925924,0.022905714274186743,1.35
cot_pilot_llama8b_t02_s42_informative_v2_enriched.jsonl,27d83dc1,4,FLOP,AGGRESSIVE,small,6,0.36761142671510694,0.3278496471562724,0.058649342249466545,1.0,0.7223024140832325,0.0,0.0268066314698956,0.8
cot_pilot_llama8b_t02_s42_informative_v2_enriched.jsonl,27d83dc1,5,TURN,AGGRESSIVE,small,8,0.3667733035309111,0.32685576079982415,0.05894263095906481,1.0,0.7238010875922748,0.0,0.027953068428143095,0.9
cot_pilot_llama8b_t02_s42_informative_v2_enriched.jsonl,27d83dc1,7,RIVER,PASSIVE,small,8,0.3637363395632863,0.2864326927811252,0.10456875481688858,1.0,0.7824695100435478,0.0,0.013889274165260904,0.95
cot_pilot_llama8b_t02_s42_informative_v2_enriched.jsonl,27d83dc1,9,RIVER,AGGRESSIVE,medium,12,0.3637363395632863,0.2993169784829978,0.08813250828409472,1.0,0.7642817256097694,0.0,0.01612163059374781,0.95
cot_pilot_llama8b_t0_s42_informative_v2_enriched.jsonl,f6f03c3e,1,PREFLOP,PASSIVE,small,4,0.4964337400419961,0.5437406521019652,0.07507638103977045,0.07407407407407406,0.7198922634582043,0.37037037037037024,0.03327724706410656,1.3500000000000003
cot_pilot_llama8b_t0_s42_informative_v2_enriched.jsonl,f6f03c3e,2,FLOP,PASSIVE,small,4,0.6416357810326935,0.666114410156033,0.07663487491906869,0.0,0.7172795151149474,0.08333333333333333,0.035622801664735484,1.2000000000000002
cot_pilot_llama8b_t0_s42_informative_v2_enriched.jsonl,f6f03c3e,4,FLOP,AGGRESSIVE,small,6,0.3791374765861792,0.3354519666351952,0.06439884891052337,1.0,0.7107585706343645,0.0,0.04131762048254782,0.85
cot_pilot_llama8b_t0_s42_informative_v2_enriched.jsonl,89fa1439,1,PREFLOP,PASSIVE,small,4,0.6004255151295564,0.6389445522762159,0.07311214132401997,0.0,0.7331055217000484,0.3199999999999999,0.031181492136175448,1.2500000000000002
cot_pilot_llama8b_t0_s42_informative_v2_enriched.jsonl,89fa1439,3,PREFLOP,AGGRESSIVE,small,10,0.4572906087005422,0.4905391355602157,0.0497870953470291,0.12903225806451613,0.7115763373162632,0.4516129032258064,0.03776390276689354,1.5500000000000003
cot_pilot_llama8b_t0_s42_informative_v2_enriched.jsonl,1e0ef529,1,PREFLOP,PASSIVE,small,4,0.42156901087260135,0.47057219988915855,0.07524330366700563,0.13793103448275862,0.7147719773117799,0.27586206896551724,0.03340095193199624,1.4500000000000002
cot_pilot_llama8b_t0_s42_informative_v2_enriched.jsonl,1e0ef529,3,PREFLOP,AGGRESSIVE,small,10,0.45154289227905514,0.4881881518723118,0.051322096258937216,0.10714285714285711,0.6912283679638704,0.4285714285714285,0.040285523994101055,1.4000000000000001
cot_pilot_llama8b_t0_s42_informative_v2_enriched.jsonl,1db8fa9f,1,PREFLOP,PASSIVE,small,4,0.5026669390883033,0.5445005087627223,0.07376755605267475,0.07407407407407406,0.7257382713650472,0.2962962962962962,0.029431899656086613,1.3500000000000005
cot_pilot_llama8b_t0_s42_informative_v2_enriched.jsonl,1db8fa9f,2,FLOP,PASSIVE,small,4,0.37569449057070453,0.3279688736448682,0.07416700404673694,1.0,0.7221224674171376,0.0,0.030086596752750126,0.4
cot_pilot_llama8b_t0_s42_informative_v2_enriched.jsonl,1db8fa9f,4,FLOP,AGGRESSIVE,small,6,0.37569449057070453,0.33508215439281425,0.05797030823671426,1.0,0.711323344683213,0.0,0.03429232137964476,0.9
cot_pilot_llama8b_t0_s42_informative_v2_enriched.jsonl,1db8fa9f,5,TURN,AGGRESSIVE,small,8,0.37401955412835663,0.33404945909544964,0.05735447501201498,1.0,0.712898745253494,0.0,0.033275492503197265,0.8
cot_pilot_llama8b_t0_s42_informative_v2_enriched.jsonl,1db8fa9f,7,RIVER,PASSIVE,small,8,0.3707055767577857,0.3027318680000276,0.09766560226498346,1.0,0.7593772338107566,0.0,0.018056848180229186,0.8
cot_pilot_llama8b_t0_s42_informative_v2_enriched.jsonl,1db8fa9f,9,RIVER,AGGRESSIVE,medium,12,0.3707055767577857,0.3117664591263069,0.08447052705608757,1.0,0.7462397252595672,0.0,0.020425356768187006,0.8
cot_pilot_llama8b_t0_s42_informative_v2_enriched.jsonl,997b6d5f,1,PREFLOP,PASSIVE,small,4,0.3671568087686602,0.32327825696075696,0.07157711768420606,1.0,0.7291749119360456,0.0,0.021547239349499762,0.4
cot_pilot_llama8b_t0_s42_informative_v2_enriched.jsonl,997b6d5f,3,PREFLOP,AGGRESSIVE,small,10,0.3671568087686602,0.3375224738803215,0.04852926873011918,1.0,0.7075905492567197,0.0,0.026191844075619704,0.8
cot_pilot_llama8b_t0_s42_informative_v2_enriched.jsonl,997b6d5f,5,FLOP,PASSIVE,medium,16,0.3693495916074981,0.3018671704656049,0.11062221338373414,1.0,0.7606223537574835,0.0,0.014254050089417426,0.4
cot_pilot_llama8b_t0_s42_informative_v2_enriched.jsonl,997b6d5f,7,FLOP,AGGRESSIVE,medium,18,0.3693495916074981,0.30544866253685,0.09629977531468033,1.0,0.7554510791551197,0.0,0.016366118763610382,0.95
cot_pilot_llama8b_t0_s42_informative_v2_enriched.jsonl,75e9e17a,1,PREFLOP,PASSIVE,small,4,0.5040389239936235,0.5451491820346509,0.07311214132401997,0.07407407407407406,0.7331055217000484,0.2962962962962962,0.031181492136175448,1.3500000000000005
cot_pilot_llama8b_t0_s42_informative_v2_enriched.jsonl,75e9e17a,2,FLOP,PASSIVE,small,4,0.49299764165551824,0.5385667015680424,0.07213234790210796,0.07407407407407406,0.7476407520658415,0.2592592592592592,0.028503649659709925,1.3500000000000003
cot_pilot_llama8b_t0_s42_informative_v2_enriched.jsonl,75e9e17a,4,FLOP,AGGRESSIVE,small,6,0.35416468304285037,0.3171603635056314,0.05744626078068254,1.0,0.7382879833185649,0.0,0.033376465475480344,0.8
cot_pilot_llama8b_t0_s42_informative_v2_enriched.jsonl,75e9e17a,5,TURN,AGGRESSIVE,small,8,0.3533256922433486,0.3161456335109598,0.057310748294004774,1.0,0.7397899267267685,0.0,0.030517008942319353,0.9
cot_pilot_llama8b_t0_s42_informative_v2_enriched.jsonl,75e9e17a,7,RIVER,PASSIVE,small,8,0.35542442061178664,0.2735243762593195,0.10936272589618433,1.0,0.8001632244992605,0.0,0.02022932443402759,0.95
cot_pilot_llama8b_t0_s42_informative_v2_enriched.jsonl,75e9e17a,9,RIVER,AGGRESSIVE,medium,12,0.35542442061178664,0.28487069723830816,0.09447033420356465,1.0,0.7846393535074611,0.0,0.02294891721356674,0.95
cot_pilot_llama8b_t0_s42_informative_v2_enriched.jsonl,a6af7eab,1,PREFLOP,PASSIVE,small,4,0.4492273439088585,0.49405019662322536,0.07329045094108506,0.14285714285714285,0.7332514753800039,0.3571428571428571,0.03118770004675457,1.4000000000000001
cot_pilot_llama8b_t0_s42_informative_v2_enriched.jsonl,a6af7eab,2,FLOP,PASSIVE,small,4,0.4345331825093517,0.4868538180259696,0.07185055942235749,0.14285714285714285,0.7383239000929331,0.2857142857142857,0.02495755294631602,1.4
cot_pilot_llama8b_t0_s42_informative_v2_enriched.jsonl,a6af7eab,4,FLOP,AGGRESSIVE,small,10,0.36062338993959075,0.3273006825172181,0.052753939105459044,1.0,0.7231304995038796,0.0,0.028747902324556006,0.8
cot_pilot_llama8b_t0_s42_informative_v2_enriched.jsonl,4de5ac35,1,PREFLOP,PASSIVE,small,4,0.3753124303272916,0.3281290544087612,0.07361196074002181,1.0,0.7218806532937132,0.0,0.029712258701985628,0.8
cot_pilot_llama8b_t0_s42_informative_v2_enriched.jsonl,4de5ac35,2,FLOP,PASSIVE,small,4,0.5133188424659774,0.5660031960451244,0.07272284974785642,0.039999999999999994,0.7309454074333326,0.23999999999999996,0.03144706221870186,1.2500000000000002
cot_pilot_llama8b_t0_s42_informative_v2_enriched.jsonl,4de5ac35,4,FLOP,AGGRESSIVE,small,6,0.5858097125001328,0.6264365018082466,0.05878596065761977,0.0,0.7211738638723862,0.2962962962962963,0.036180597728051954,1.35
cot_pilot_llama8b_t0_s42_informative_v2_enriched.jsonl,4de5ac35,5,TURN,AGGRESSIVE,small,8,0.3667733035309111,0.32777185602019215,0.058349839598815956,1.0,0.72241980389478,0.0,0.03280521123426513,0.95
cot_pilot_llama8b_t0_s42_informative_v2_enriched.jsonl,4de5ac35,7,RIVER,PASSIVE,small,8,0.3669110924868564,0.29525418591075536,0.100306017090436,1.0,0.7700716393035468,0.0,0.02044684328004804,0.8
cot_pilot_llama8b_t0_s42_informative_v2_enriched.jsonl,4de5ac35,9,RIVER,AGGRESSIVE,medium,12,0.3669110924868564,0.3041268982226494,0.08725797283884279,1.0,0.7573638793215913,0.0,0.023048978321706208,0.8
cot_pilot_llama8b_t0_s42_informative_v2_enriched.jsonl,4c0cbbc8,1,PREFLOP,PASSIVE,small,4,0.4979259632658111,0.544047766696824,0.07355343181013518,0.07407407407407406,0.7265667625306278,0.2592592592592592,0.02714131502268545,1.3500000000000003
cot_pilot_llama8b_t0_s42_informative_v2_enriched.jsonl,4c0cbbc8,2,FLOP,PASSIVE,small,4,0.38500861392600666,0.3796584171030262,0.07440165722414407,0.4516129032258065,0.718410162010308,0.02580645161290323,0.03112981063457057,1.5499999999999998
cot_pilot_llama8b_t0_s42_informative_v2_enriched.jsonl,4c0cbbc8,4,FLOP,AGGRESSIVE,small,6,0.586338906618574,0.6155943964191146,0.05667254229418733,0.045454545454545456,0.7060721019659216,0.5909090909090909,0.036225268775345786,1.1
cot_pilot_llama8b_t0_s42_informative_v2_enriched.jsonl,4c0cbbc8,5,TURN,AGGRESSIVE,small,8,0.3776215104301404,0.3388818344927363,0.05666534028266377,1.0,0.7055051815527044,0.0,0.03523327371749828,0.8
cot_pilot_llama8b_t0_s42_informative_v2_enriched.jsonl,4c0cbbc8,7,RIVER,PASSIVE,small,8,0.3819969503395213,0.30570815430180154,0.1093461708535316,1.0,0.755074964681804,0.0,0.02322826738369787,0.95
cot_pilot_llama8b_t0_s42_informative_v2_enriched.jsonl,4c0cbbc8,9,RIVER,AGGRESSIVE,medium,12,0.3819969503395213,0.31448957476834916,0.09606303622221891,1.0,0.7422351687921909,0.0,0.026343511402064354,0.8
cot_pilot_llama8b_t0_s42_informative_v2_enriched.jsonl,b10b45d6,1,PREFLOP,PASSIVE,small,4,0.5063830682269773,0.5539330257331752,0.07202541750310602,0.07407407407407406,0.7270639941662227,0.2962962962962962,0.023890534267167664,1.3500000000000003
cot_pilot_llama8b_t0_s42_informative_v2_enriched.jsonl,b10b45d6,3,PREFLOP,AGGRESSIVE,small,10,0.7373240568067327,0.7533704367979879,0.048791974454242416,0.0,0.7051390057993622,0.8,0.02899757595088836,1.0
cot_pilot_llama8b_t0_s42_informative_v2_enriched.jsonl,b10b45d6,4,FLOP,AGGRESSIVE,medium,12,0.36179212078753503,0.3317961083976213,0.04860294638773949,1.0,0.7163274008209235,0.0,0.028541409208666907,0.45
cot_pilot_llama8b_t0_s42_informative_v2_enriched.jsonl,b10b45d6,6,TURN,PASSIVE,medium,12,0.36129885992789074,0.27753641167929305,0.10941930217314813,1.0,0.7947224871270477,0.0,0.016148617779350692,0.8
cot_pilot_llama8b_t0_s42_informative_v2_enriched.jsonl,b10b45d6,8,TURN,AGGRESSIVE,medium,24,0.36129885992789074,0.29363281000686703,0.08919693330843521,1.0,0.7723683658419518,0.0,0.019106669944405227,0.95
cot_pilot_llama8b_t0_s42_informative_v2_enriched.jsonl,b10b45d6,9,RIVER,AGGRESSIVE,medium,28,0.3618257414450777,0.2938345345003083,0.08971019586083233,1.0,0.7720830535366706,0.0,0.01857200215704248,0.9
cot_pilot_llama8b_t0_s42_informative_v2_enriched.jsonl,b10b45d6,11,RIVER,AGGRESSIVE,large,32,0.3618257414450777,0.30715247911695426,0.07442990106274085,1.0,0.752978007226719,0.0,0.02131522904662067,0.95
cot_pilot_llama8b_t0_s42_informative_v2_enriched.jsonl,e2b18dcf,1,PREFLOP,PASSIVE,small,4,0.4956493452767757,0.5412827421275836,0.07406314500511496,0.07142857142857141,0.725486381322957,0.28571428571428564,0.029468403228130893,1.4000000000000004
cot_pilot_llama8b_t0_s42_informative_v2_enriched.jsonl,e2b18dcf,3,PREFLOP,AGGRESSIVE,small,10,0.6950638025809532,0.7149961085616714,0.05028666866483556,0.0,0.7028522127410245,0.7272727272727273,0.03567973741849161,1.1
cot_pilot_llama8b_t0_s42_informative_v2_enriched.jsonl,c921ee3b,1,PREFLOP,PASSIVE,small,4,0.511094360279944,0.552986195340511,0.07283934631058263,0.07407407407407406,0.7270248394697553,0.22222222222222215,0.027066208608378182,1.3500000000000003
cot_pilot_llama8b_t0_s42_informative_v2_enriched.jsonl,c921ee3b,2,FLOP,PASSIVE,small,4,0.5222837486681725,0.5726042242262153,0.07149878445467354,0.03846153846153846,0.730314221110158,0.30769230769230765,0.027490170147830062,1.3
cot_pilot_llama8b_t0_s42_informative_v2_enriched.jsonl,c921ee3b,4,FLOP,AGGRESSIVE,small,6,0.45990779946529325,0.499188365451601,0.056542026821428476,0.1333333333333333,0.7226857176645878,0.3999999999999999,0.03292330152176981,1.5000000000000002
cot_pilot_llama8b_t0_s42_informative_v2_enriched.jsonl,c921ee3b,5,TURN,AGGRESSIVE,small,8,0.40344102849561736,0.4433717389253723,0.05624918960586948,0.1818181818181818,0.7240148806949281,0.36363636363636365,0.02996044129661176,1.6500000000000001
cot_pilot_llama8b_t0_s42_informative_v2_enriched.jsonl,c921ee3b,7,RIVER,PASSIVE,small,8,0.3579911234198599,0.2875591028058302,0.09980773924922988,1.0,0.7808999532804627,0.0,0.018289367435770067,0.95
cot_pilot_llama8b_t0_s42_informative_v2_enriched.jsonl,c921ee3b,9,RIVER,AGGRESSIVE,medium,12,0.3579911234198599,0.2994639912365405,0.085951721878316,1.0,0.7640712924809503,0.0,0.021231959593647654,0.95
cot_pilot_llama8b_t0_s42_informative_v2_enriched.jsonl,dce1ea3e,1,PREFLOP,PASSIVE,small,4,0.5306889175444055,0.573977017441054,0.07407415539236589,0.03703703703703703,0.7321210107523577,0.29629629629629617,0.033052508597643,1.3500000000000003
cot_pilot_llama8b_t0_s42_informative_v2_enriched.jsonl,dce1ea3e,2,FLOP,PASSIVE,small,4,0.48021177501395623,0.5270994797525235,0.07250607713103803,0.07692307692307691,0.7443375130376197,0.15384615384615383,0.030535425124491554,1.3
cot_pilot_llama8b_t0_s42_informative_v2_enriched.jsonl,dce1ea3e,4,FLOP,AGGRESSIVE,small,10,0.754784041304846,0.762378059163656,0.05193896737571201,0.0,0.7272442122895859,0.45,0.03565565027945147,1.0
cot_pilot_llama8b_t0_s42_informative_v2_enriched.jsonl,dce1ea3e,5,TURN,AGGRESSIVE,medium,12,0.35701564998163976,0.3249409966428528,0.052391349107402556,1.0,0.7266813335791074,0.0,0.035318787499529644,0.95
cot_pilot_llama8b_t0_s42_informative_v2_enriched.jsonl,dce1ea3e,7,RIVER,PASSIVE,medium,20,0.3534938028604395,0.29417061332262345,0.10921673962288178,1.0,0.7716074390839119,0.0,0.017260167807493218,0.95
cot_pilot_llama8b_t0_s42_informative_v2_enriched.jsonl,dce1ea3e,9,RIVER,AGGRESSIVE,large,32,0.3534938028604395,0.30247664579034034,0.08897145982308706,1.0,0.7597449674843313,0.0,0.020514244121869418,0.95
cot_pilot_llama8b_t0_s42_informative_v2_enriched.jsonl,53c53937,1,PREFLOP,PASSIVE,small,4,0.5054600379135974,0.5486499437297725,0.07488497567932481,0.07407407407407404,0.7234091169773964,0.25925925925925913,0.03128254176409445,1.3500000000000005
cot_pilot_llama8b_t0_s42_informative_v2_enriched.jsonl,53c53937,3,PREFLOP,AGGRESSIVE,small,10,0.37378875954377877,0.3419795177649815,0.05096878553358667,1.0,0.7007372008269522,0.0,0.037853126607255136,0.9
cot_pilot_llama8b_t0_s42_informative_v2_enriched.jsonl,ea38f080,1,PREFLOP,PASSIVE,small,4,0.4934149920888153,0.5371749084041791,0.07450252081103394,0.07407407407407406,0.7192749935364474,0.2592592592592592,0.03142148258015942,1.3500000000000003
cot_pilot_llama8b_t0_s42_informative_v2_enriched.jsonl,ea38f080,3,PREFLOP,AGGRESSIVE,small,10,0.3768336649653944,0.34496299319708573,0.05088492183526495,1.0,0.6961245122906031,0.0,0.03794737320020513,0.8
cot_pilot_llama8b_t0_s42_informative_v2_enriched.jsonl,696a09b0,1,PREFLOP,PASSIVE,small,4,0.3635649542650579,0.31915575618112074,0.07233407907236822,1.0,0.7353265067816397,0.0,0.027033144704931327,0.8
cot_pilot_llama8b_t0_s42_informative_v2_enriched.jsonl,696a09b0,2,FLOP,PASSIVE,small,4,0.5192564167689688,0.5698968033035918,0.07269139805507532,0.03846153846153846,0.736998619107992,0.23076923076923073,0.025500068640830823,1.3000000000000003
cot_pilot_llama8b_t0_s42_informative_v2_enriched.jsonl,696a09b0,4,FLOP,AGGRESSIVE,small,6,0.36237586405972666,0.32200911239912045,0.05948214503448304,1.0,0.7310734412366751,0.0,0.02970384431056683,0.95
cot_pilot_llama8b_t0_s42_informative_v2_enriched.jsonl,696a09b0,5,TURN,AGGRESSIVE,small,8,0.36129885992789074,0.32124663708672796,0.058797983104101045,1.0,0.7322120309739336,0.0,0.027462293913715533,0.95
cot_pilot_llama8b_t0_s42_informative_v2_enriched.jsonl,696a09b0,7,RIVER,PASSIVE,small,8,0.36054955032526653,0.27990911076859065,0.10802933108036511,1.0,0.7914797100447677,0.0,0.015044550445806219,0.95
cot_pilot_llama8b_t0_s42_informative_v2_enriched.jsonl,696a09b0,9,RIVER,AGGRESSIVE,medium,12,0.36054955032526653,0.29216238802099437,0.09265898043427255,1.0,0.7744443142452735,0.0,0.01745888526307182,0.95
cot_pilot_llama8b_t0_s42_informative_v2_enriched.jsonl,280bf263,1,PREFLOP,PASSIVE,small,4,0.5389061912307768,0.5796195928364763,0.07296747933263553,0.03846153846153845,0.7257519479181131,0.3076923076923076,0.025785552025879684,1.3000000000000003
cot_pilot_llama8b_t0_s42_informative_v2_enriched.jsonl,280bf263,2,FLOP,PASSIVE,small,4,0.5058470376485799,0.5546047795122392,0.07394209158257242,0.037037037037037035,0.7307473832728988,0.2222222222222222,0.029292480968794762,1.35
cot_pilot_llama8b_t0_s42_informative_v2_enriched.jsonl,280bf263,4,FLOP,AGGRESSIVE,small,6,0.3681911955657236,0.32981859140141,0.060190872113398186,1.0,0.7193261928212803,0.0,0.03468473366097087,0.8
cot_pilot_llama8b_t0_s42_informative_v2_enriched.jsonl,3a600289,1,PREFLOP,PASSIVE,small,4,0.47149115722601825,0.5186443421261108,0.07441343588141176,0.10714285714285712,0.7328978529932711,0.3571428571428571,0.03311604546943049,1.4000000000000004
cot_pilot_llama8b_t0_s42_informative_v2_enriched.jsonl,3a600289,2,FLOP,PASSIVE,small,4,0.527550274213139,0.5764327480763048,0.07509143021482735,0.03846153846153846,0.7286651247247509,0.15384615384615383,0.03557387353337498,1.3000000000000003
cot_pilot_llama8b_t0_s42_informative_v2_enriched.jsonl,3a600289,4,FLOP,AGGRESSIVE,small,10,0.5900018356950515,0.6291181543171721,0.058712658551467095,0.0,0.7157524232965582,0.47999999999999987,0.04040951971934649,1.2500000000000002
cot_pilot_llama8b_t0_s42_informative_v2_enriched.jsonl,6a2b1ffc,1,PREFLOP,PASSIVE,small,4,0.5319452105959649,0.5746520859672468,0.07441343588141176,0.03703703703703703,0.7328978529932711,0.2592592592592592,0.03311604546943049,1.3500000000000003
cot_pilot_llama8b_t0_s42_informative_v2_enriched.jsonl,6a2b1ffc,3,PREFLOP,AGGRESSIVE,small,10,0.36715680876866025,0.33540454800418174,0.05071775484718645,1.0,0.710831006081728,0.0,0.04005393931962243,0.95
cot_pilot_llama8b_t0_s42_informative_v2_enriched.jsonl,4dcdf5ed,1,PREFLOP,PASSIVE,small,4,0.4941549978679111,0.5348506077238583,0.07505713067503925,0.0689655172413793,0.717593070728544,0.17241379310344823,0.033458210596257726,1.4500000000000006
cot_pilot_llama8b_t0_s42_informative_v2_enriched.jsonl,4dcdf5ed,2,FLOP,PASSIVE,small,4,0.6465278140075094,0.6832904366966498,0.07474321867784471,0.0,0.7157723232121453,0.0,0.033986299773605025,1.2
cot_pilot_llama8b_t0_s42_informative_v2_enriched.jsonl,4dcdf5ed,4,FLOP,AGGRESSIVE,small,6,0.38085447714954884,0.3402452907815643,0.059231810587043285,1.0,0.7034092407132887,0.0,0.038465418981428676,0.95
cot_pilot_llama8b_t0_s42_informative_v2_enriched.jsonl,2f8ef993,1,PREFLOP,PASSIVE,small,4,0.5051256758267917,0.5512644035027773,0.07273716519508171,0.07407407407407406,0.7224739376865726,0.2592592592592592,0.027332394281775425,1.3500000000000003
cot_pilot_llama8b_t0_s42_informative_v2_enriched.jsonl,2f8ef993,2,FLOP,PASSIVE,small,4,0.45051733406831673,0.42959438526081617,0.07359487867518788,0.55,0.7185194028611173,0.0,0.03124390091979322,1.0
cot_pilot_llama8b_t0_s42_informative_v2_enriched.jsonl,2f8ef993,4,FLOP,AGGRESSIVE,small,10,0.3774175043624125,0.3390044840718433,0.05896549417229343,1.0,0.705316816624725,0.0,0.03530585838180503,0.8
cot_pilot_llama8b_t0_s42_informative_v2_enriched.jsonl,26875533,1,PREFLOP,PASSIVE,small,4,0.4925100799369212,0.5400204523710447,0.07418921726493874,0.07407407407407406,0.7155406914798262,0.37037037037037024,0.03365377101866826,1.3500000000000003
cot_pilot_llama8b_t0_s42_informative_v2_enriched.jsonl,26875533,2,FLOP,PASSIVE,small,4,0.3899644235837019,0.33990611513670355,0.0756228307615154,1.0,0.7039310295641045,0.0,0.03877574510483763,0.8
cot_pilot_llama8b_t0_s42_informative_v2_enriched.jsonl,26875533,4,FLOP,AGGRESSIVE,small,6,0.3899644235837019,0.34582466721075567,0.06303355143335489,1.0,0.694788617814348,0.0,0.04329657683710617,0.95
cot_pilot_llama8b_t0_s42_informative_v2_enriched.jsonl,0f286853,1,PREFLOP,PASSIVE,small,4,0.5059373993606362,0.5471068870101407,0.07274205305835194,0.07407407407407406,0.7252117738079119,0.2962962962962962,0.025213835739368314,1.3500000000000005
cot_pilot_llama8b_t0_s42_informative_v2_enriched.jsonl,0f286853,3,PREFLOP,AGGRESSIVE,small,10,0.6086073726819192,0.6389205354835746,0.04937835271976996,0.0,0.7031900865816039,0.5555555555555554,0.03060147309519659,1.3500000000000005
cot_pilot_llama8b_t0_s42_informative_v2_enriched.jsonl,0f286853,4,FLOP,AGGRESSIVE,medium,12,0.37454408993796545,0.3433889456426037,0.04979961410740838,1.0,0.6985605923184777,0.0,0.03055994633272667,0.95
cot_pilot_llama8b_t0_s42_informative_v2_enriched.jsonl,0f286853,6,TURN,PASSIVE,medium,12,0.3782205322950535,0.3085648837987339,0.10013060057109975,1.0,0.7509216667731214,0.0,0.01990268354277696,0.95
cot_pilot_llama8b_t0_s42_informative_v2_enriched.jsonl,0f286853,8,TURN,AGGRESSIVE,medium,24,0.3782205322950535,0.32087364892250836,0.083781330140461,1.0,0.7327684555919116,0.0,0.023262174936989663,0.9
cot_pilot_llama8b_t0_s42_informative_v2_enriched.jsonl,0f286853,9,RIVER,AGGRESSIVE,medium,28,0.3769948671652795,0.31936893054773846,0.0836885519690603,1.0,0.7350094984906429,0.0,0.021176662669467345,0.8
cot_pilot_llama8b_t0_s42_informative_v2_enriched.jsonl,0f286853,11,RIVER,AGGRESSIVE,large,32,0.3769948671652795,0.33155858111186665,0.06847583515490734,1.0,0.7166881022074175,0.0,0.024502241709238017,0.95
cot_pilot_llama8b_t0_s42_informative_v2_enriched.jsonl,36897272,1,PREFLOP,PASSIVE,small,4,0.37378875954377877,0.32734304211922205,0.07461854250850926,1.0,0.7230666290328249,0.0,0.031234585379974096,0.9
cot_pilot_llama8b_t0_s42_informative_v2_enriched.jsonl,36897272,2,FLOP,PASSIVE,small,4,0.45935221548658756,0.5121284581515081,0.07615716895651789,0.07407407407407407,0.7167088141271172,0.2222222222222222,0.035776049798845584,1.35
cot_pilot_llama8b_t0_s42_informative_v2_enriched.jsonl,36897272,4,FLOP,AGGRESSIVE,small,6,0.3797101368701257,0.3370881238768135,0.060954439550203014,1.0,0.7082559696161216,0.0,0.04060594862428077,0.8
cot_pilot_llama8b_t0_s42_informative_v2_enriched.jsonl,36897272,5,TURN,AGGRESSIVE,small,8,0.3776215104301404,0.33566077693063656,0.06035725099382479,1.0,0.7104395341976548,0.0,0.03987338958426208,0.8
cot_pilot_llama8b_t0_s42_informative_v2_enriched.jsonl,36897272,7,RIVER,PASSIVE,small,8,0.37824775187441334,0.3041308705422112,0.10411858119784406,1.0,0.7573581382917287,0.0,0.026502067207814395,0.8
cot_pilot_llama8b_t0_s42_informative_v2_enriched.jsonl,36897272,9,RIVER,AGGRESSIVE,medium,12,0.37824775187441334,0.3134435275065031,0.09053426778355578,1.0,0.7437758660882916,0.0,0.029867405890970818,0.9
cot_pilot_llama8b_t0_s42_informative_v2_enriched.jsonl,c991f3cf,1,PREFLOP,PASSIVE,small,4,0.4964337400419961,0.5437406521019652,0.07507638103977045,0.07407407407407406,0.7198922634582043,0.37037037037037024,0.03327724706410656,1.3500000000000003
cot_pilot_llama8b_t0_s42_informative_v2_enriched.jsonl,c991f3cf,2,FLOP,PASSIVE,small,4,0.6041352163735936,0.599132922800309,0.07562054193084411,0.2,0.7159285800994165,0.0,0.03591953277631431,1.0
cot_pilot_llama8b_t0_s42_informative_v2_enriched.jsonl,c991f3cf,4,FLOP,AGGRESSIVE,small,6,0.38028246954119865,0.3379302432060729,0.0606903429965302,1.0,0.7069654494813262,0.0,0.040706806782583115,0.8
cot_pilot_llama8b_t0_s42_informative_v2_enriched.jsonl,6309cb02,1,PREFLOP,PASSIVE,small,4,0.46530898754608624,0.5132640764978122,0.07507638103977045,0.10714285714285712,0.7198922634582043,0.3571428571428571,0.03327724706410656,1.4000000000000004
cot_pilot_llama8b_t0_s42_informative_v2_enriched.jsonl,6309cb02,3,PREFLOP,AGGRESSIVE,small,10,0.44925016378080296,0.4839746625241679,0.05116656259865957,0.12903225806451613,0.6967191131462391,0.4516129032258064,0.04018795127565586,1.5500000000000003
cot_pilot_llama8b_t0_s42_informative_v2_enriched.jsonl,e0de83da,1,PREFLOP,PASSIVE,small,4,0.486555142620915,0.5296593948933023,0.0732488189706859,0.07407407407407404,0.7210767879477644,0.2592592592592592,0.029670981460405265,1.3500000000000003
cot_pilot_llama8b_t0_s42_informative_v2_enriched.jsonl,e0de83da,2,FLOP,PASSIVE,small,4,0.3774175043624125,0.330152318991751,0.07342730667056896,1.0,0.7188207860731557,0.0,0.034035663156754124,0.8
cot_pilot_llama8b_t0_s42_informative_v2_enriched.jsonl,e0de83da,4,FLOP,AGGRESSIVE,small,6,0.3774175043624125,0.3379737245360989,0.058714972301350254,1.0,0.7068987708814748,0.0,0.03854460162938451,0.9
cot_pilot_llama8b_t0_s42_informative_v2_enriched.jsonl,e0de83da,5,TURN,AGGRESSIVE,small,8,0.3734178957467831,0.3350065482965059,0.05761619844457646,1.0,0.7114387696922242,0.0,0.03269217063678668,0.95
cot_pilot_llama8b_t0_s42_informative_v2_enriched.jsonl,e0de83da,7,RIVER,PASSIVE,small,8,0.373226377598947,0.299080796168959,0.10521410660575531,1.0,0.7646196612609354,0.0,0.02235062950306659,0.8
cot_pilot_llama8b_t0_s42_informative_v2_enriched.jsonl,e0de83da,9,RIVER,AGGRESSIVE,medium,12,0.373226377598947,0.30936275681582726,0.09232433545784312,1.0,0.7497575465161886,0.0,0.025027230700424737,0.8
cot_pilot_llama8b_t0_s42_informative_v2_enriched.jsonl,70a33cab,1,PREFLOP,PASSIVE,small,4,0.5090681227961941,0.5551726461951195,0.07346315494328953,0.07407407407407406,0.7272059307448676,0.2592592592592592,0.02713299549316045,1.3500000000000003
cot_pilot_llama8b_t0_s42_informative_v2_enriched.jsonl,70a33cab,2,FLOP,PASSIVE,small,4,0.43092471812510397,0.4127753622055803,0.07382671773456617,0.55,0.736198132226956,0.0,0.029104352551048946,1.0
cot_pilot_llama8b_t0_s42_informative_v2_enriched.jsonl,70a33cab,4,FLOP,AGGRESSIVE,small,6,0.3635421213901887,0.323972006991854,0.0603113305812631,1.0,0.7281353687918274,0.0,0.03375885753152002,0.8
cot_pilot_llama8b_t0_s42_informative_v2_enriched.jsonl,c41ce77a,1,PREFLOP,PASSIVE,small,4,0.5026674969723355,0.5506352428591065,0.07331585392998703,0.07407407407407406,0.7238323035252716,0.2962962962962962,0.02753880508770344,1.3500000000000003
cot_pilot_llama8b_t0_s42_informative_v2_enriched.jsonl,c41ce77a,3,PREFLOP,AGGRESSIVE,small,10,0.46716434793735345,0.4944201150443002,0.049760794742988806,0.12903225806451613,0.7015173473249546,0.41935483870967727,0.033386212594761995,1.5500000000000005
cot_pilot_llama8b_t0_s42_informative_v2_enriched.jsonl,3ceb0134,1,PREFLOP,PASSIVE,small,4,0.3717533229750905,0.3259959926395147,0.07346663124180992,1.0,0.7250955234631618,0.0,0.0271663042506926,0.8
cot_pilot_llama8b_t0_s42_informative_v2_enriched.jsonl,3ceb0134,2,FLOP,PASSIVE,small,4,0.49095598182114897,0.5413696463299242,0.07324499724802518,0.07407407407407406,0.7187527026080937,0.37037037037037024,0.02477545187607335,1.3500000000000003
cot_pilot_llama8b_t0_s42_informative_v2_enriched.jsonl,3ceb0134,4,FLOP,AGGRESSIVE,small,6,0.7693277866049444,0.772754087136721,0.05860620404686495,0.0,0.7115691538944826,0.0,0.02832803757820377,1.0
cot_pilot_llama8b_t0_s42_informative_v2_enriched.jsonl,3ceb0134,5,TURN,AGGRESSIVE,small,8,0.38001542156846707,0.3387471556437217,0.05895438349976851,1.0,0.7057119809540644,0.0,0.029877807398759358,0.8
cot_pilot_llama8b_t0_s42_informative_v2_enriched.jsonl,3ceb0134,7,RIVER,PASSIVE,small,8,0.38074876678413266,0.3100099096923937,0.10568698344146948,1.0,0.748812020747365,0.0,0.019305682676112046,0.95
cot_pilot_llama8b_t0_s42_informative_v2_enriched.jsonl,3ceb0134,9,RIVER,AGGRESSIVE,medium,12,0.38074876678413266,0.31958839448773807,0.09296118923896078,1.0,0.7346830118651045,0.0,0.02187503329187471,0.95
cot_pilot_llama8b_t0_s42_informative_v2_enriched.jsonl,11fbd1ac,1,PREFLOP,PASSIVE,small,4,0.4951935791847201,0.5448740808559189,0.07419152138996014,0.07407407407407406,0.7162894268386937,0.2962962962962962,0.033643255404030625,1.3500000000000003
cot_pilot_llama8b_t0_s42_informative_v2_enriched.jsonl,11fbd1ac,3,PREFLOP,AGGRESSIVE,small,10,0.4889075164034581,0.5218761798751649,0.05102354117930376,0.07142857142857141,0.6924032122326674,0.4285714285714285,0.04042057009630571,1.4000000000000004
cot_pilot_llama8b_t0_s42_informative_v2_enriched.jsonl,ba874710,1,PREFLOP,PASSIVE,small,4,0.49595622233964093,0.5443439655643151,0.07490327212204584,0.07407407407407406,0.7230436044483596,0.33333333333333326,0.0331679025402934,1.3500000000000003
cot_pilot_llama8b_t0_s42_informative_v2_enriched.jsonl,ba874710,2,FLOP,PASSIVE,small,4,0.3797101368701257,0.33141980003903726,0.07621093905923874,1.0,0.7168987871832253,0.0,0.03785063639277479,0.8
cot_pilot_llama8b_t0_s42_informative_v2_enriched.jsonl,ba874710,4,FLOP,AGGRESSIVE,small,10,0.3797101368701257,0.3398297553956068,0.06025380635281843,1.0,0.7040484652538559,0.0,0.04317632504700657,0.9
cot_pilot_llama8b_t0_s42_informative_v2_enriched.jsonl,f363ee3f,1,PREFLOP,PASSIVE,small,4,0.36715680876866025,0.3211368357487645,0.07409190353634802,1.0,0.7323758705644816,0.0,0.03308551731368162,0.9
cot_pilot_llama8b_t0_s42_informative_v2_enriched.jsonl,f363ee3f,2,FLOP,PASSIVE,small,4,0.5901612617801278,0.6393619642968484,0.0728905458403918,0.0,0.7296358083362896,0.23999999999999996,0.031126891520259478,1.25
cot_pilot_llama8b_t0_s42_informative_v2_enriched.jsonl,f363ee3f,4,FLOP,AGGRESSIVE,small,6,0.3693495916074981,0.3302770382447216,0.05951791294044843,1.0,0.7186318373174158,0.0,0.03508708055841963,0.8
cot_pilot_llama8b_t0_s42_informative_v2_enriched.jsonl,9ab3ab38,1,PREFLOP,PASSIVE,small,4,0.49988135486749663,0.5412330956534845,0.07367161070713166,0.07407407407407404,0.7246258508283127,0.29629629629629617,0.027579933907190227,1.3500000000000003
cot_pilot_llama8b_t0_s42_informative_v2_enriched.jsonl,9ab3ab38,2,FLOP,PASSIVE,small,4,0.392577168745985,0.44867685314892614,0.07478069598835031,0.16666666666666666,0.7182281451818052,0.16666666666666669,0.0315379817989349,1.4999999999999998
cot_pilot_llama8b_t0_s42_informative_v2_enriched.jsonl,9ab3ab38,4,FLOP,AGGRESSIVE,small,10,0.3779911629148049,0.3377290318239519,0.06128309821375668,1.0,0.7072739497321151,0.0,0.0354956611569098,0.9
cot_pilot_llama8b_t0_s42_informative_v2_enriched.jsonl,5d596ba0,1,PREFLOP,PASSIVE,small,4,0.5980011547315203,0.6380441924038301,0.07397005298730953,0.0,0.7250343527738901,0.3199999999999999,0.02947255973503032,1.2500000000000002
cot_pilot_llama8b_t0_s42_informative_v2_enriched.jsonl,5d596ba0,2,FLOP,PASSIVE,small,4,0.5877681903499385,0.6368605248927872,0.07271125927981462,0.0,0.743307529139353,0.30769230769230765,0.029120799790579917,1.3000000000000003
cot_pilot_llama8b_t0_s42_informative_v2_enriched.jsonl,5d596ba0,4,FLOP,AGGRESSIVE,small,6,0.358280865395643,0.3207073821706457,0.056781098680237015,1.0,0.7330163756561585,0.0,0.034663425951535216,0.8
cot_pilot_llama8b_t0_s42_informative_v2_enriched.jsonl,a0f6f0a0,1,PREFLOP,PASSIVE,small,4,0.4847595706600724,0.5343711539132175,0.07297399142628919,0.07407407407407406,0.7260429149107096,0.18518518518518515,0.02758277120275751,1.3500000000000003
cot_pilot_llama8b_t0_s42_informative_v2_enriched.jsonl,a0f6f0a0,2,FLOP,PASSIVE,small,4,0.5156077163901834,0.5705164859021585,0.07443562106330832,0.038461538461538464,0.720781788512883,0.23076923076923078,0.031398446272986366,1.3
cot_pilot_llama8b_t0_s42_informative_v2_enriched.jsonl,a0f6f0a0,4,FLOP,AGGRESSIVE,small,6,0.3751194644979772,0.3311390061648274,0.0645530326290225,1.0,0.7173249196747857,0.0,0.0359823539586372,0.95
cot_pilot_llama8b_t0_s42_informative_v2_enriched.jsonl,a0f6f0a0,5,TURN,AGGRESSIVE,small,8,0.3782205322950536,0.33463161583108914,0.06291184728759779,1.0,0.7120109642553788,0.0,0.037633968432381336,0.95
cot_pilot_llama8b_t0_s42_informative_v2_enriched.jsonl,a0f6f0a0,7,RIVER,PASSIVE,small,8,0.3769948671652795,0.3093955668936481,0.09555861095226395,1.0,0.7497096374012779,0.0,0.024235800524049673,0.95
cot_pilot_llama8b_t0_s42_informative_v2_enriched.jsonl,a0f6f0a0,9,RIVER,AGGRESSIVE,medium,20,0.3769948671652795,0.3178436716633734,0.08477860128919519,1.0,0.7372750386103298,0.0,0.027002895766747192,0.8
cot_pilot_llama8b_t0_s42_informative_v2_enriched.jsonl,e681a5ec,1,PREFLOP,PASSIVE,small,4,0.4926239596245376,0.5372357960191417,0.07507856661693435,0.07407407407407406,0.7204861681281265,0.2592592592592592,0.03339646257311866,1.3500000000000003
cot_pilot_llama8b_t0_s42_informative_v2_enriched.jsonl,e681a5ec,3,PREFLOP,AGGRESSIVE,small,10,0.3768336649653944,0.344336045857459,0.05128691995326017,1.0,0.697095468821748,0.0,0.040267900445851414,0.8
cot_pilot_llama8b_t0_s42_informative_v2_enriched.jsonl,4e707766,1,PREFLOP,PASSIVE,small,4,0.49724523761697664,0.5457260879269936,0.07438036579640801,0.07407407407407406,0.7259162398095371,0.33333333333333326,0.02950454512661428,1.3500000000000003
cot_pilot_llama8b_t0_s42_informative_v2_enriched.jsonl,4e707766,2,FLOP,PASSIVE,small,4,0.46565393232566515,0.5170682610085668,0.07500768557700781,0.07407407407407407,0.7236049562757066,0.2222222222222222,0.033600180751041146,1.35
cot_pilot_llama8b_t0_s42_informative_v2_enriched.jsonl,4e707766,4,FLOP,AGGRESSIVE,small,10,0.5814029192981146,0.6222804931275141,0.05717249184665671,0.0,0.7078692524682082,0.34782608695652173,0.03890567956069855,1.1500000000000001
cot_pilot_llama8b_t0_s42_informative_v2_enriched.jsonl,6e6b527f,1,PREFLOP,PASSIVE,small,4,0.37835251245368445,0.3305229594364924,0.07501061923271102,1.0,0.7182591566230934,0.0,0.03344781681911338,0.8
cot_pilot_llama8b_t0_s42_informative_v2_enriched.jsonl,6e6b527f,2,FLOP,PASSIVE,small,4,0.43157123574563994,0.40651103564788993,0.07442796746737669,0.6,0.7160590257040383,0.0,0.033929289225742065,1.0
cot_pilot_llama8b_t0_s42_informative_v2_enriched.jsonl,6e6b527f,4,FLOP,AGGRESSIVE,small,6,0.7165839651323325,0.7344517572643684,0.058931805979249755,0.0,0.7037521691567222,0.0,0.03848904238465663,1.0
cot_pilot_llama8b_t0_s42_informative_v2_enriched.jsonl,270a8dc0,1,PREFLOP,PASSIVE,small,4,0.5090681227961941,0.5551726461951195,0.07346315494328953,0.07407407407407406,0.7272059307448676,0.2592592592592592,0.02713299549316045,1.3500000000000003
cot_pilot_llama8b_t0_s42_informative_v2_enriched.jsonl,270a8dc0,3,PREFLOP,AGGRESSIVE,small,10,0.6516645096262667,0.6658108472657384,0.04990958850190566,0.09523809523809523,0.7049981545539257,0.7619047619047619,0.03287604241760829,1.05
cot_pilot_llama8b_t0_s42_informative_v2_enriched.jsonl,6462e90b,1,PREFLOP,PASSIVE,small,4,0.5500585764742213,0.5914047585567708,0.07522019642450684,0.07999999999999999,0.7234278208604291,0.35999999999999993,0.033207456801188,1.2500000000000002
cot_pilot_llama8b_t0_s42_informative_v2_enriched.jsonl,6462e90b,2,FLOP,PASSIVE,small,4,0.4793905257164851,0.5338692895705389,0.07400101737523619,0.07407407407407406,0.7325870101425583,0.22222222222222215,0.03330821570704762,1.35
cot_pilot_llama8b_t0_s42_informative_v2_enriched.jsonl,6462e90b,4,FLOP,AGGRESSIVE,small,6,0.3664507331046664,0.3254921441159339,0.06113769497786315,1.0,0.7258532320810543,0.0,0.03871718288188577,0.8
cot_pilot_llama8b_t0_s42_informative_v2_enriched.jsonl,9644df8d,1,PREFLOP,PASSIVE,small,4,0.3753124303272916,0.32882742499117074,0.07354224911838139,1.0,0.7208256241178403,0.0,0.029612452713538122,0.8
cot_pilot_llama8b_t0_s42_informative_v2_enriched.jsonl,9644df8d,3,PREFLOP,AGGRESSIVE,small,10,0.512984810443205,0.5455212326783967,0.05012224480086189,0.07142857142857141,0.6978460937009413,0.49999999999999983,0.035767029243787975,1.4000000000000004
cot_pilot_llama8b_t0_s42_informative_v2_enriched.jsonl,7a141c60,1,PREFLOP,PASSIVE,small,4,0.5041043053104011,0.5512586075984902,0.07356300530711571,0.07407407407407406,0.7217947506695203,0.37037037037037024,0.029721435916815978,1.3500000000000003
cot_pilot_llama8b_t0_s42_informative_v2_enriched.jsonl,7a141c60,3,PREFLOP,AGGRESSIVE,small,10,0.44303983578685,0.4774857026655045,0.05025940881361173,0.1333333333333333,0.6984833505031971,0.43333333333333324,0.03584721609207861,1.5000000000000002
cot_pilot_llama8b_t0_s42_informative_v2_enriched.jsonl,c540a7e0,1,PREFLOP,PASSIVE,small,4,0.3742969235400787,0.3282184469417202,0.07454625224681664,1.0,0.7217456756013916,0.0,0.029771838459977017,0.8
cot_pilot_llama8b_t0_s42_informative_v2_enriched.jsonl,c540a7e0,2,FLOP,PASSIVE,small,4,0.4812907144316965,0.5313946476617697,0.07420321774458596,0.07407407407407406,0.719692104488676,0.22222222222222215,0.025600312304999033,1.3500000000000003
cot_pilot_llama8b_t0_s42_informative_v2_enriched.jsonl,c540a7e0,4,FLOP,AGGRESSIVE,small,10,0.37569449057070453,0.3386461085556427,0.0576211358345297,1.0,0.7058671112289017,0.0,0.029372725521448595,0.8
cot_pilot_llama8b_t0_s42_informative_v2_enriched.jsonl,9b7c1416,1,PREFLOP,PASSIVE,small,4,0.3753124303272916,0.3283347325913049,0.07490913813802273,1.0,0.7215700610393836,0.0,0.033207456801187994,0.8
cot_pilot_llama8b_t0_s42_informative_v2_enriched.jsonl,9b7c1416,2,FLOP,PASSIVE,small,4,0.4816198412209131,0.535902119244746,0.07296226578705409,0.07407407407407406,0.724081217697276,0.22222222222222215,0.026518925566001574,1.3500000000000003
cot_pilot_llama8b_t0_s42_informative_v2_enriched.jsonl,9b7c1416,4,FLOP,AGGRESSIVE,small,6,0.755716359965725,0.7629312855725473,0.06158575446383969,0.0,0.7211013918703892,0.0,0.031120337117759723,1.0
cot_pilot_llama8b_t0_s42_informative_v2_enriched.jsonl,720c258c,1,PREFLOP,PASSIVE,small,4,0.5336636185417031,0.5823925025019377,0.07517420397482344,0.03703703703703703,0.722075341290031,0.2962962962962962,0.03324847440109064,1.3500000000000003
cot_pilot_llama8b_t0_s42_informative_v2_enriched.jsonl,720c258c,2,FLOP,PASSIVE,small,4,0.7141688656279116,0.7238896150307839,0.07610418405482573,0.0,0.7199660121975238,0.0,0.03569956679988412,1.0
cot_pilot_llama8b_t0_s42_informative_v2_enriched.jsonl,720c258c,4,FLOP,AGGRESSIVE,small,10,0.37684350786694226,0.34089613047226275,0.05705368040427437,1.0,0.7024072503143266,0.0,0.041007872493788594,0.8
cot_pilot_llama8b_t0_s42_informative_v2_enriched.jsonl,e1ad240e,1,PREFLOP,PASSIVE,small,4,0.49768784902143914,0.540925834102095,0.07416163688267996,0.07407407407407406,0.7194365618342652,0.2962962962962962,0.03149336390806126,1.3500000000000005
cot_pilot_llama8b_t0_s42_informative_v2_enriched.jsonl,e1ad240e,3,PREFLOP,AGGRESSIVE,small,10,0.37683366496539433,0.3449267466280433,0.0507932975503995,1.0,0.6961806712188698,0.0,0.037984250816892315,0.95
cot_pilot_llama8b_t0_s42_informative_v2_enriched.jsonl,99b3ba8c,1,PREFLOP,PASSIVE,small,4,0.4991208245812371,0.5457481578477442,0.07438245232856365,0.07407407407407406,0.7238036333429642,0.37037037037037024,0.029540775787344733,1.3500000000000003
cot_pilot_llama8b_t0_s42_informative_v2_enriched.jsonl,99b3ba8c,2,FLOP,PASSIVE,small,4,0.539762513854069,0.5445486373831991,0.07399443925879642,0.2,0.7222957472190216,0.0,0.026350724430804388,1.0
cot_pilot_llama8b_t0_s42_informative_v2_enriched.jsonl,99b3ba8c,4,FLOP,AGGRESSIVE,small,6,0.3751194644979772,0.33550855380778516,0.05691211619831461,1.0,0.7106721225943217,0.0,0.03036763802327772,0.8
cot_pilot_llama8b_t0_s42_informative_v2_enriched.jsonl,99b3ba8c,5,TURN,AGGRESSIVE,small,8,0.375221716748631,0.33505552958691814,0.057424993162575225,1.0,0.7113639933310454,0.0,0.03170333516862961,0.8
cot_pilot_llama8b_t0_s42_informative_v2_enriched.jsonl,99b3ba8c,7,RIVER,PASSIVE,small,8,0.3719668434444231,0.2981849935896089,0.10236126873328856,1.0,0.765899890947353,0.0,0.01718798564613162,0.9
cot_pilot_llama8b_t0_s42_informative_v2_enriched.jsonl,99b3ba8c,9,RIVER,AGGRESSIVE,medium,12,0.3719668434444231,0.30867570532192745,0.0873318905601586,1.0,0.7507600818927584,0.0,0.01955089410607329,0.95
cot_pilot_llama8b_t0_s42_informative_v2_enriched.jsonl,ec7a4a4b,1,PREFLOP,PASSIVE,small,4,0.4996851902573685,0.5421452722619264,0.07479708976731732,0.07407407407407406,0.7201491487138324,0.2962962962962962,0.033236158485488734,1.3500000000000005
cot_pilot_llama8b_t0_s42_informative_v2_enriched.jsonl,ec7a4a4b,2,FLOP,PASSIVE,small,4,0.5750919277741513,0.6267503244170101,0.07495676673576328,0.0,0.7189713495109845,0.22222222222222215,0.030981811293976574,1.3500000000000003
cot_pilot_llama8b_t0_s42_informative_v2_enriched.jsonl,ec7a4a4b,4,FLOP,AGGRESSIVE,small,6,0.37684350786694226,0.33366151381925074,0.06447294013218463,1.0,0.7134899064524317,0.0,0.03602316375320471,0.8
cot_pilot_llama8b_t0_s42_informative_v2_enriched.jsonl,ec7a4a4b,5,TURN,AGGRESSIVE,small,8,0.37522171674863103,0.3323292455024454,0.0645182348064396,1.0,0.7155172968282907,0.0,0.035739956979224885,0.8
cot_pilot_llama8b_t0_s42_informative_v2_enriched.jsonl,ec7a4a4b,7,RIVER,PASSIVE,small,8,0.48498491290678053,0.5622392165652966,0.1098592533600844,0.07407407407407406,0.7728701792549075,0.37037037037037024,0.022268640563988848,1.3500000000000005
cot_pilot_llama8b_t0_s42_informative_v2_enriched.jsonl,ec7a4a4b,9,RIVER,AGGRESSIVE,medium,12,0.3725968253058506,0.30655250119556926,0.09440524533448552,1.0,0.7538498129464649,0.0,0.02581025415072875,0.8
cot_pilot_llama8b_t0_s42_informative_v2_enriched.jsonl,2fcb90d2,1,PREFLOP,PASSIVE,small,4,0.5026674969723355,0.5506352428591065,0.07331585392998703,0.07407407407407406,0.7238323035252716,0.2962962962962962,0.02753880508770344,1.3500000000000003
cot_pilot_llama8b_t0_s42_informative_v2_enriched.jsonl,2fcb90d2,2,FLOP,PASSIVE,small,4,0.47967120040043365,0.5339788576144061,0.07196273385873193,0.07407407407407407,0.7281584245500354,0.2222222222222222,0.02290571427418674,1.35
cot_pilot_llama8b_t0_s42_informative_v2_enriched.jsonl,2fcb90d2,4,FLOP,AGGRESSIVE,small,6,0.36761142671510694,0.3278496471562718,0.058649342249467176,1.0,0.7223024140832336,0.0,0.026806631469895495,0.8
