hand_id,source,prev_decision_idx,curr_decision_idx,prev_street,curr_street,update_type,llm_magnitude,oracle_magnitude,correlation,direction_agreement,magnitude_ratio
a87ed15d,sanity_70b_t0_s42_informative_enriched.jsonl,1,2,PREFLOP,FLOP,CARD_REVEAL,0.14954734296434788,0.009944614826540294,0.5206930400643981,0.8571428571428571,15.038022645707136
bf6a3aef,sanity_70b_t0_s42_informative_enriched.jsonl,1,3,PREFLOP,PREFLOP,ACTION,0.06493606220173759,0.031055058578044015,-0.6311931010082403,0.2857142857142857,2.0909978977675316
51bc8bee,sanity_70b_t0_s42_informative_enriched.jsonl,1,3,PREFLOP,PREFLOP,ACTION,0.0,0.024967059277454302,,1.0,0.0
f66a422b,sanity_70b_t0_s42_informative_enriched.jsonl,1,3,PREFLOP,PREFLOP,ACTION,0.08988075090204826,0.024789892094865196,0.8879001018705257,0.8571428571428571,3.6257015786150006
f729b38d,sanity_70b_t0_s42_informative_enriched.jsonl,1,3,PREFLOP,PREFLOP,ACTION,0.06139957172006502,0.025064949347157757,0.5179554997537269,0.7142857142857143,2.449618823068854
f729b38d,sanity_70b_t0_s42_informative_enriched.jsonl,3,5,PREFLOP,PREFLOP,ACTION,0.06285393610547087,0.027493099292273726,-0.7330322029267378,0.7142857142857143,2.2861713565750827
f17ea176,sanity_70b_t0_s42_informative_enriched.jsonl,1,3,PREFLOP,PREFLOP,ACTION,0.06139957172006502,0.025687033456562244,0.5211003786738764,0.7142857142857143,2.3902943803882235
4937735d,sanity_70b_t0_s42_informative_enriched.jsonl,1,3,PREFLOP,PREFLOP,ACTION,0.08764964902023316,0.025164421318591926,-0.584733169164857,0.7142857142857143,3.4830782679463415
fdd0c8a5,sanity_70b_t0_s123_informative_enriched.jsonl,1,3,PREFLOP,PREFLOP,ACTION,0.05446911745803746,0.031645533153766094,-0.37569701511845605,0.6428571428571429,1.7212260951133687
ffed221f,sanity_70b_t0_s123_informative_enriched.jsonl,1,3,PREFLOP,PREFLOP,ACTION,0.0,0.02514718101867039,,1.0,0.0
eee5e4fd,sanity_70b_t0_s123_informative_enriched.jsonl,1,3,PREFLOP,PREFLOP,ACTION,0.05680402741764175,0.02447907686843666,-0.23133071299428787,0.6428571428571429,2.320513462290112
eee5e4fd,sanity_70b_t0_s123_informative_enriched.jsonl,3,5,PREFLOP,PREFLOP,ACTION,0.04871766493214938,0.02683411454926924,0.8954912660513671,0.9285714285714286,1.8155122965842778
d8bc9c3d,sanity_70b_t0_s123_informative_enriched.jsonl,1,3,PREFLOP,PREFLOP,ACTION,0.05096143543145708,0.02436514680243888,-0.6276422622690919,0.2857142857142857,2.0915710397589717
d8bc9c3d,sanity_70b_t0_s123_informative_enriched.jsonl,3,5,PREFLOP,PREFLOP,ACTION,0.041666666666666664,0.026843078086356432,0.018882837743510524,0.8571428571428571,1.5522313250597233
0bafabd2,sanity_70b_t0_s123_informative_enriched.jsonl,1,3,PREFLOP,PREFLOP,ACTION,0.056804027417641755,0.02503471399264025,-0.252004530124736,0.6428571428571429,2.269010440236749
dae33a59,sanity_70b_t0_s123_informative_enriched.jsonl,1,3,PREFLOP,PREFLOP,ACTION,0.06139957172006502,0.025625355858864392,0.5214190935625296,0.7142857142857143,2.396047573279866
21ba95e8,sanity_70b_t02_s42_informative_enriched.jsonl,1,2,PREFLOP,FLOP,CARD_REVEAL,0.11287658367786112,0.009944614826539903,-0.3724713832949278,0.6428571428571429,11.35052343873785
21ba95e8,sanity_70b_t02_s42_informative_enriched.jsonl,2,4,FLOP,FLOP,ACTION,0.10743376064838497,0.03281231785258675,-0.36448412039799966,0.7857142857142857,3.2741899286433815
9ae676a5,sanity_70b_t02_s42_informative_enriched.jsonl,1,3,PREFLOP,PREFLOP,ACTION,0.10124066936057027,0.02451039869393793,0.7221948267832913,0.7142857142857143,4.130519075791687
9ae676a5,sanity_70b_t02_s42_informative_enriched.jsonl,3,5,PREFLOP,PREFLOP,ACTION,0.22304484924692144,0.02682550174998397,0.7273515561748207,0.5,8.31465712461668
b38268f9,sanity_70b_t02_s42_informative_enriched.jsonl,1,2,PREFLOP,FLOP,CARD_REVEAL,0.1407865387282526,0.014170811713136907,-0.1518455040144598,0.42857142857142855,9.934966435108151
b38268f9,sanity_70b_t02_s42_informative_enriched.jsonl,2,4,FLOP,TURN,CARD_REVEAL,0.21708295138443193,0.08760002281283111,-0.38065243073385724,0.42857142857142855,2.4781152380320495
e7dd8b5c,sanity_70b_t02_s42_informative_enriched.jsonl,1,6,PREFLOP,TURN,CARD_REVEAL,0.1299607839565116,0.07527882275891844,-0.10684334891258047,0.5714285714285714,1.7263923530355005
413873de,sanity_70b_t02_s42_informative_enriched.jsonl,1,5,PREFLOP,TURN,CARD_REVEAL,0.13455335031635857,0.05192982821520871,0.036348327672268685,0.5,2.591060955540613
7bb9ca9a,sanity_70b_t02_s42_informative_enriched.jsonl,4,7,FLOP,TURN,CARD_REVEAL,0.16047754336561437,0.03592245270996853,-0.6595988083641895,0.6428571428571429,4.46733258058077
72f78dbe,sanity_70b_t02_s42_informative_enriched.jsonl,1,3,PREFLOP,PREFLOP,ACTION,0.0693047727072781,0.032136192616736364,-0.8438901587290263,0.14285714285714285,2.1565956345178403
72f78dbe,sanity_70b_t02_s42_informative_enriched.jsonl,3,7,PREFLOP,FLOP,CARD_REVEAL,0.2220539947096798,0.06679495025237984,0.4950966223668287,0.5714285714285714,3.3244129065245946
6f01a3f3,sanity_70b_t02_s42_informative_enriched.jsonl,1,3,PREFLOP,FLOP,CARD_REVEAL,0.23112924481713237,0.058050174677592055,0.7417382684364056,0.42857142857142855,3.981542624131854
dc90cc20,sanity_70b_t02_s42_informative_enriched.jsonl,1,5,PREFLOP,TURN,CARD_REVEAL,0.20057221370132022,0.1380258031309832,-0.5010488193660445,0.42857142857142855,1.4531501295520952
32cf7569,sanity_70b_t02_s42_informative_enriched.jsonl,1,3,PREFLOP,PREFLOP,ACTION,0.05772300254584061,0.025127716265743807,0.39488114671952607,0.9285714285714286,2.2971845883397455
586325d1,sanity_70b_t02_s42_informative_enriched.jsonl,1,3,PREFLOP,PREFLOP,ACTION,0.0825709790967115,0.025164421318590778,-0.7459587979883848,0.5,3.2812588078753215
586325d1,sanity_70b_t02_s42_informative_enriched.jsonl,3,5,PREFLOP,PREFLOP,ACTION,0.05796589422564122,0.02758127812279417,0.7368683726005442,0.8571428571428571,2.101639161447565
61c7ff18,sanity_70b_t02_s42_informative_enriched.jsonl,1,5,PREFLOP,TURN,CARD_REVEAL,0.3607242526074372,0.05086593947964681,-0.22366713004890595,0.5714285714285714,7.09166598115769
08aaec0b,sanity_70b_t02_s42_informative_enriched.jsonl,1,3,PREFLOP,PREFLOP,ACTION,0.12943907952640105,0.024789892094864176,0.8860631723355875,0.8571428571428571,5.221445863139415
ee0dcae4,sanity_70b_t02_s42_informative_enriched.jsonl,1,3,PREFLOP,PREFLOP,ACTION,0.2256827774762237,0.03233985494246688,0.7144792473794541,0.6428571428571429,6.978472163147207
ee0dcae4,sanity_70b_t02_s42_informative_enriched.jsonl,3,7,PREFLOP,FLOP,CARD_REVEAL,0.28855482821967976,0.05127204285567244,0.6335302743453061,0.7142857142857143,5.62791751894777
a14655bc,sanity_70b_t02_s42_informative_enriched.jsonl,1,2,PREFLOP,FLOP,CARD_REVEAL,0.14806160787312836,0.005763752007917912,0.5770825511029946,0.8571428571428571,25.68840707749567
f9a1f15d,sanity_70b_t02_s42_informative_enriched.jsonl,1,3,PREFLOP,PREFLOP,ACTION,0.06609129889159739,0.025127716265743807,-0.39105380885762653,0.5714285714285714,2.630215105608246
f9a1f15d,sanity_70b_t02_s42_informative_enriched.jsonl,3,5,PREFLOP,PREFLOP,ACTION,0.05471060672732053,0.027550760335356174,0.06408185545472277,0.7142857142857143,1.9858111377459826
c31fcdb5,sanity_70b_t02_s123_informative_enriched.jsonl,1,3,PREFLOP,PREFLOP,ACTION,0.1290845019433987,0.024796547085370137,0.8222363364070902,0.7142857142857143,5.2057450377660865
1671d6b6,sanity_70b_t02_s123_informative_enriched.jsonl,1,2,PREFLOP,FLOP,CARD_REVEAL,0.1487959841684848,0.009485809014445208,0.6551338464035646,0.7142857142857143,15.686166982899914
1671d6b6,sanity_70b_t02_s123_informative_enriched.jsonl,2,7,FLOP,RIVER,CARD_REVEAL,0.2557791703970399,0.0751764498726489,0.7471985901371291,0.5714285714285714,3.4023842683491607
a683ece7,sanity_70b_t02_s123_informative_enriched.jsonl,1,3,PREFLOP,FLOP,CARD_REVEAL,0.1626178525624292,0.06819817386976307,0.6743090346708682,0.42857142857142855,2.3844898379973904
da9d340f,sanity_70b_t02_s123_informative_enriched.jsonl,1,3,PREFLOP,PREFLOP,ACTION,0.16187975933680313,0.02480822539995803,0.966582837439454,0.9285714285714286,6.525245426747734
da9d340f,sanity_70b_t02_s123_informative_enriched.jsonl,3,5,PREFLOP,PREFLOP,ACTION,0.05796532883341837,0.027220640559018693,-0.340321028985303,0.07142857142857142,2.1294623360438667
7b6693f2,sanity_70b_t02_s123_informative_enriched.jsonl,1,5,PREFLOP,FLOP,CARD_REVEAL,0.2834611678090402,0.04065774651727311,-0.7901518243242446,0.35714285714285715,6.9718858542397095
88a72e23,sanity_70b_t02_s123_informative_enriched.jsonl,1,5,PREFLOP,PREFLOP,ACTION,0.05471060672732053,0.05415984142872868,0.09832829755187902,0.7142857142857143,1.010169256114175
b9944c26,sanity_70b_t02_s123_informative_enriched.jsonl,1,3,PREFLOP,PREFLOP,ACTION,0.10726824053332257,0.025824411999109977,0.9645006461435636,0.9285714285714286,4.153753453787041
b9944c26,sanity_70b_t02_s123_informative_enriched.jsonl,3,5,PREFLOP,FLOP,CARD_REVEAL,0.35104060711273394,0.074948485019296,0.9035547314290113,0.8571428571428571,4.683758544583738
b9944c26,sanity_70b_t02_s123_informative_enriched.jsonl,5,7,FLOP,FLOP,ACTION,0.38177705000840567,0.022876171479665017,0.8936187047750586,0.6428571428571429,16.688852430913677
b9944c26,sanity_70b_t02_s123_informative_enriched.jsonl,7,8,FLOP,TURN,CARD_REVEAL,0.38177705000840567,0.005569388978327508,0.021799591474225725,0.8571428571428571,68.54918043865085
5000b5ce,sanity_70b_t02_s123_informative_enriched.jsonl,1,2,PREFLOP,FLOP,CARD_REVEAL,0.10895831789660382,0.01059845986345524,0.3492360720942274,0.7142857142857143,10.28058032019399
a81fec3f,sanity_70b_t02_s123_informative_enriched.jsonl,1,2,PREFLOP,FLOP,CARD_REVEAL,0.26211653886392927,0.006928864986999296,0.2586703592894899,0.6428571428571429,37.829650217711176
4ba29c08,sanity_70b_t02_s123_informative_enriched.jsonl,1,7,PREFLOP,FLOP,CARD_REVEAL,0.1333257077229754,0.03444552123198413,0.24644710458937566,0.5,3.870625351407857
7c4b615c,sanity_70b_t02_s123_informative_enriched.jsonl,1,2,PREFLOP,FLOP,CARD_REVEAL,0.2322308962941755,0.015183580660209167,-0.3236807189794491,0.42857142857142855,15.2948702609241
7c4b615c,sanity_70b_t02_s123_informative_enriched.jsonl,2,4,FLOP,TURN,CARD_REVEAL,0.20836207942290477,0.09491597658783667,-0.9242603109823129,0.2857142857142857,2.1952266300508785
34962ff7,sanity_70b_t02_s123_informative_enriched.jsonl,1,3,PREFLOP,PREFLOP,ACTION,0.09428090415820632,0.0247601995417408,0.5034223165710505,0.7857142857142857,3.8077602726612665
34962ff7,sanity_70b_t02_s123_informative_enriched.jsonl,3,7,PREFLOP,FLOP,CARD_REVEAL,0.1452390623111353,0.049273193051995415,0.8568733490528971,0.6428571428571429,2.947628381985964
86e9387d,sanity_70b_t02_s123_informative_enriched.jsonl,1,2,PREFLOP,FLOP,CARD_REVEAL,0.2588171258322606,0.011187413494908078,0.5697430500276458,0.7142857142857143,23.134670578687423
86e9387d,sanity_70b_t02_s123_informative_enriched.jsonl,2,4,FLOP,FLOP,ACTION,0.15076037670919057,0.031479559057374804,0.8750126542208145,0.8571428571428571,4.789151475546844
18bdd588,sanity_70b_t02_s123_informative_enriched.jsonl,1,3,PREFLOP,PREFLOP,ACTION,0.046029878457026815,0.024981515887956343,0.14790066387994855,0.5,1.842557459822442
5eb8e85e,sanity_70b_t02_s123_informative_enriched.jsonl,1,3,PREFLOP,PREFLOP,ACTION,0.2867245544270685,0.025687033456560864,-0.8941030935415692,0.21428571428571427,11.162229181191597
e33e402f,sanity_70b_t02_s123_informative_enriched.jsonl,1,2,PREFLOP,FLOP,CARD_REVEAL,0.25907975472049966,0.010148643104454775,0.1563237837093298,0.7857142857142857,25.5285117482135
e33e402f,sanity_70b_t02_s123_informative_enriched.jsonl,2,4,FLOP,FLOP,ACTION,0.0,0.031802073444750265,,1.0,0.0
2ea7de16,sanity_70b_t02_s123_informative_enriched.jsonl,1,3,PREFLOP,PREFLOP,ACTION,0.10532064503982559,0.024365146802437742,-0.728262366804751,0.42857142857142855,4.32259431448565
2ea7de16,sanity_70b_t02_s123_informative_enriched.jsonl,3,5,PREFLOP,PREFLOP,ACTION,0.18166786961829628,0.026843078086358045,0.19427337388794247,0.7142857142857143,6.767773391480835
1a9035f0,sanity_70b_t02_s123_informative_enriched.jsonl,1,5,PREFLOP,PREFLOP,ACTION,0.044407971145218605,0.05196880237091438,0.24100351941887493,0.42857142857142855,0.8545121134073435
88ec898e,sanity_70b_t02_s123_informative_enriched.jsonl,1,3,PREFLOP,PREFLOP,ACTION,0.04166666666666667,0.02503471399263933,0.00439993314381882,0.8571428571428571,1.6643556095315268
88ec898e,sanity_70b_t02_s123_informative_enriched.jsonl,3,5,PREFLOP,PREFLOP,ACTION,0.05892556509887895,0.0274676494766958,-0.7383591924515935,0.7142857142857143,2.1452714819618177
0b98ec20,sanity_70b_t02_s123_informative_enriched.jsonl,1,2,PREFLOP,FLOP,CARD_REVEAL,0.16191571256443296,0.017143855036560268,0.27196408465895267,0.8571428571428571,9.444533462231119
0b98ec20,sanity_70b_t02_s123_informative_enriched.jsonl,2,4,FLOP,TURN,CARD_REVEAL,0.0292981561208808,0.06470895484381912,0.3067058774516858,0.35714285714285715,0.45276818628263327
83929cac,sanity_70b_t02_s123_informative_enriched.jsonl,1,2,PREFLOP,FLOP,CARD_REVEAL,0.11789045495546342,0.017596809074795466,-0.0010778953943623992,0.7142857142857143,6.699535947362303
77013656,sanity_70b_t02_s123_informative_enriched.jsonl,1,2,PREFLOP,FLOP,CARD_REVEAL,0.2863128098442228,0.009435007375727422,-0.5788491577308899,0.7142857142857143,30.345796080752784
91a24b9d,phase2_70b_t0_s42_informative_v2_enriched.jsonl,1,3,PREFLOP,PREFLOP,ACTION,0.06139957172006502,0.025366791924638626,0.5201207917283277,0.7142857142857143,2.420470507365496
91a24b9d,phase2_70b_t0_s42_informative_v2_enriched.jsonl,3,5,PREFLOP,PREFLOP,ACTION,0.03876182837332334,0.02786090905715295,-0.05594012343534408,0.7142857142857143,1.391262154935742
9eb19e02,phase2_70b_t0_s42_informative_v2_enriched.jsonl,1,3,PREFLOP,PREFLOP,ACTION,0.06493606220173759,0.03105505857804287,-0.6311931010082392,0.2857142857142857,2.090997897767609
1844225f,phase2_70b_t0_s42_informative_v2_enriched.jsonl,1,3,PREFLOP,PREFLOP,ACTION,0.058925565098878974,0.025220044641872157,0.7163062959056923,0.9285714285714286,2.33645760487856
6308b1c2,phase2_70b_t0_s42_informative_v2_enriched.jsonl,1,3,PREFLOP,PREFLOP,ACTION,0.12184650791661278,0.024886076734411573,-0.7498339741516196,0.35714285714285715,4.896171832023961
6308b1c2,phase2_70b_t0_s42_informative_v2_enriched.jsonl,3,5,PREFLOP,PREFLOP,ACTION,0.06470545014263956,0.027264809929749476,-0.43916264126660953,0.5,2.3732221243925653
4c3ade18,phase2_70b_t0_s42_informative_v2_enriched.jsonl,1,3,PREFLOP,PREFLOP,ACTION,0.04166666666666667,0.025709264647964577,0.019137021552034082,0.8571428571428571,1.6206868316618872
a6c2a91d,phase2_70b_t0_s42_informative_v2_enriched.jsonl,1,3,PREFLOP,PREFLOP,ACTION,0.03537026568159473,0.0252761141137775,0.07791857219623398,0.5,1.3993553566968235
a6c2a91d,phase2_70b_t0_s42_informative_v2_enriched.jsonl,3,5,PREFLOP,PREFLOP,ACTION,0.09452787771424942,0.027727450159782594,0.8091552383293051,0.8571428571428571,3.4091803310265365
413e5f51,phase2_70b_t0_s42_informative_v2_enriched.jsonl,1,3,PREFLOP,PREFLOP,ACTION,0.056804027417641755,0.025404868991172686,-0.25646612636113103,0.6428571428571429,2.235950417118041
413e5f51,phase2_70b_t0_s42_informative_v2_enriched.jsonl,3,5,PREFLOP,PREFLOP,ACTION,0.06717877991273902,0.027865291593275453,-0.08874038885648863,0.6428571428571429,2.4108407295099266
edb8849c,phase2_70b_t0_s42_informative_v2_enriched.jsonl,1,3,PREFLOP,PREFLOP,ACTION,0.0510310363079829,0.025377138053280516,0.8499019236120331,1.0,2.010905887056326
edb8849c,phase2_70b_t0_s42_informative_v2_enriched.jsonl,3,5,PREFLOP,PREFLOP,ACTION,0.0,0.027757986280528574,,1.0,0.0
670159bc,phase2_70b_t0_s42_informative_v2_enriched.jsonl,1,3,PREFLOP,PREFLOP,ACTION,0.07136709442821533,0.02506494934715648,0.39477616407372823,0.7142857142857143,2.847286600892798
670159bc,phase2_70b_t0_s42_informative_v2_enriched.jsonl,3,5,PREFLOP,PREFLOP,ACTION,0.09642365197998373,0.027493099292275353,-0.5136041512588934,0.7142857142857143,3.5071946947456585
f960a32e,phase2_70b_t0_s42_informative_v2_enriched.jsonl,1,3,PREFLOP,PREFLOP,ACTION,0.08351664695908625,0.025060890820305017,0.8797710139436101,0.9285714285714286,3.3325490126399973
a37eead2,phase2_70b_t0_s42_informative_v2_enriched.jsonl,1,3,PREFLOP,PREFLOP,ACTION,0.06139957172006502,0.025924291659667267,0.5343077760639172,0.7142857142857143,2.3684184905074885
844cec93,phase2_70b_t0_s42_informative_v2_enriched.jsonl,1,3,PREFLOP,PREFLOP,ACTION,0.02044674640767615,0.02529129262747757,-0.2526107505070397,0.7857142857142857,0.8084500349128818
844cec93,phase2_70b_t0_s42_informative_v2_enriched.jsonl,3,5,PREFLOP,PREFLOP,ACTION,0.029462782549439473,0.027382400565479983,0.03226382454815714,0.9285714285714286,1.0759751497676269
dea9157d,phase2_70b_t0_s42_informative_v2_enriched.jsonl,1,3,PREFLOP,PREFLOP,ACTION,0.05096143543145708,0.02544486882975256,-0.6133874610939205,0.21428571428571427,2.002817769367635
fc1f63d0,phase2_70b_t0_s42_informative_v2_enriched.jsonl,1,3,PREFLOP,PREFLOP,ACTION,0.029462782549439473,0.025127716265743363,-0.03739570565061574,0.9285714285714286,1.1725213002984323
638c1488,phase2_70b_t0_s42_informative_v2_enriched.jsonl,1,3,PREFLOP,PREFLOP,ACTION,0.06588078458684124,0.025060890820305017,0.006163807134925446,0.8571428571428571,2.6288285224666805
1ee135ac,phase2_70b_t0_s42_informative_v2_enriched.jsonl,1,4,PREFLOP,TURN,CARD_REVEAL,0.23478974030204183,0.08413676354954926,-0.5567074835497787,0.35714285714285715,2.7905725202250147
1e27b621,phase2_70b_t0_s42_informative_v2_enriched.jsonl,1,3,PREFLOP,PREFLOP,ACTION,0.056804027417641755,0.02506494934715648,-0.254233154821992,0.6428571428571429,2.2662733776514075
1e27b621,phase2_70b_t0_s42_informative_v2_enriched.jsonl,3,5,PREFLOP,PREFLOP,ACTION,0.06717877991273902,0.027493099292275353,-0.09386219315997928,0.6428571428571429,2.4434778777965573
0bd2144e,phase2_70b_t0_s42_informative_v2_enriched.jsonl,1,3,PREFLOP,PREFLOP,ACTION,0.08988075090204826,0.025719769590845622,0.8873233695277867,0.8571428571428571,3.4946172664796853
8cc9da43,phase2_70b_t0_s42_informative_v2_enriched.jsonl,1,3,PREFLOP,PREFLOP,ACTION,0.06139957172006502,0.025034713992639436,0.5246455562949693,0.7142857142857143,2.4525773187629536
1b990e3a,phase2_70b_t0_s42_informative_v2_enriched.jsonl,1,2,PREFLOP,FLOP,CARD_REVEAL,0.1151257222147949,0.006946328378081671,0.32854606168118444,0.8571428571428571,16.57360780380909
efe730c1,phase2_70b_t0_s42_informative_v2_enriched.jsonl,1,3,PREFLOP,PREFLOP,ACTION,0.06139957172006502,0.025124455184169652,0.5182102158579689,0.7142857142857143,2.4438170408069784
efe730c1,phase2_70b_t0_s42_informative_v2_enriched.jsonl,3,5,PREFLOP,PREFLOP,ACTION,0.03577641615555863,0.027574543376840663,0.47499133219873557,0.8571428571428571,1.297443648173212
3a3f61b3,phase2_70b_t0_s42_informative_v2_enriched.jsonl,1,3,PREFLOP,PREFLOP,ACTION,0.06139957172006502,0.02544443889851791,0.5192318832654219,0.7142857142857143,2.413084130679786
a0bca9e1,phase2_70b_t0_s42_informative_v2_enriched.jsonl,1,3,PREFLOP,PREFLOP,ACTION,0.0,0.025235091195092766,,1.0,0.0
acc7a849,phase2_70b_t0_s42_informative_v2_enriched.jsonl,1,3,PREFLOP,PREFLOP,ACTION,0.06272299715520314,0.024796547085370487,0.15953244208950346,0.7857142857142857,2.5295052952033217
acc7a849,phase2_70b_t0_s42_informative_v2_enriched.jsonl,3,5,PREFLOP,PREFLOP,ACTION,0.053370408289205494,0.027146091638419186,-0.44099964952341625,0.6428571428571429,1.9660439152747753
7237ddb2,phase2_70b_t0_s42_informative_v2_enriched.jsonl,1,3,PREFLOP,PREFLOP,ACTION,0.07015045159217337,0.024886076734411573,0.4214709920729882,0.7142857142857143,2.818863428769061
7237ddb2,phase2_70b_t0_s42_informative_v2_enriched.jsonl,3,5,PREFLOP,PREFLOP,ACTION,0.07319699600712376,0.027264809929749476,-0.6075145692589667,0.42857142857142855,2.6846692199844115
7bc5bc57,phase2_70b_t0_s42_informative_v2_enriched.jsonl,1,3,PREFLOP,PREFLOP,ACTION,0.07300363612227459,0.025366791924638626,0.6678780490256603,0.7142857142857143,2.8779215101049713
e5b5e402,phase2_70b_t0_s42_informative_v2_enriched.jsonl,1,3,PREFLOP,PREFLOP,ACTION,0.054433105395181744,0.025421310112354937,0.8457172044180572,1.0,2.1412391869106253
e5b5e402,phase2_70b_t0_s42_informative_v2_enriched.jsonl,3,5,PREFLOP,PREFLOP,ACTION,0.0,0.027872491952827313,,1.0,0.0
ff3f1ce2,phase2_70b_t0_s42_informative_v2_enriched.jsonl,1,3,PREFLOP,PREFLOP,ACTION,0.0510310363079829,0.02418518930103926,0.853150690867885,1.0,2.110011861920388
ff3f1ce2,phase2_70b_t0_s42_informative_v2_enriched.jsonl,3,5,PREFLOP,PREFLOP,ACTION,0.07216878364870323,0.026621329769217352,-0.588751683017914,0.7142857142857143,2.7109383443404504
83a8283a,phase2_70b_t0_s42_informative_v2_enriched.jsonl,1,3,PREFLOP,PREFLOP,ACTION,0.054433105395181744,0.02489338510231635,0.8431905127184903,1.0,2.1866493918545733
10c09d64,phase2_70b_t0_s42_informative_v2_enriched.jsonl,1,3,PREFLOP,PREFLOP,ACTION,0.029462782549439473,0.02544486882975256,0.0571651383866019,0.9285714285714286,1.1579066391173054
5850a281,phase2_70b_t0_s42_informative_v2_enriched.jsonl,1,3,PREFLOP,PREFLOP,ACTION,0.08988075090204826,0.025104184297064937,0.8779847561869093,0.8571428571428571,3.5803095547126262
5850a281,phase2_70b_t0_s42_informative_v2_enriched.jsonl,3,5,PREFLOP,PREFLOP,ACTION,0.08388612946160638,0.02754556301815303,-0.9564416775529408,0.07142857142857142,3.0453590440799445
4bafe4bf,phase2_70b_t0_s42_informative_v2_enriched.jsonl,1,3,PREFLOP,PREFLOP,ACTION,0.03623696019191755,0.025849724688805958,-0.3838123961243555,0.6428571428571429,1.4018315718313903
b2dac46d,phase2_70b_t0_s42_informative_v2_enriched.jsonl,1,3,PREFLOP,PREFLOP,ACTION,0.0,0.025751236162263314,,1.0,0.0
80d138b8,phase2_70b_t0_s42_informative_v2_enriched.jsonl,1,3,PREFLOP,PREFLOP,ACTION,0.0,0.025849724688805958,,1.0,0.0
80d138b8,phase2_70b_t0_s42_informative_v2_enriched.jsonl,3,5,PREFLOP,PREFLOP,ACTION,0.041666666666666664,0.028017932281985226,0.0008992978403014789,0.8571428571428571,1.4871428143702528
6c790dd9,phase2_70b_t0_s42_informative_v2_enriched.jsonl,1,3,PREFLOP,PREFLOP,ACTION,0.07054944221977612,0.02578094415996703,-0.7768265306757028,0.6428571428571429,2.736495676109728
37f23ed2,phase2_70b_t0_s42_informative_v2_enriched.jsonl,1,3,PREFLOP,PREFLOP,ACTION,0.08488578617883616,0.02503974594144778,0.46543770745423596,0.7142857142857143,3.3900418309886464
37f23ed2,phase2_70b_t0_s42_informative_v2_enriched.jsonl,3,5,PREFLOP,PREFLOP,ACTION,0.06918657877890928,0.027435680285041567,-0.7784517901084947,0.8571428571428571,2.521773765406906
794867cd,phase2_70b_t0_s42_informative_v2_enriched.jsonl,1,3,PREFLOP,PREFLOP,ACTION,0.07136709442821533,0.025687033456560766,0.40619201878477956,0.7142857142857143,2.7783315091212817
06a4aec9,phase2_70b_t0_s42_informative_v2_enriched.jsonl,1,3,PREFLOP,PREFLOP,ACTION,0.08054744109094562,0.024886076734411573,-0.23900801199045463,0.5,3.2366468186432744
53485b73,phase2_70b_t0_s42_informative_v2_enriched.jsonl,1,3,PREFLOP,PREFLOP,ACTION,0.0,0.025625355858863694,,1.0,0.0
dc52c4ef,phase2_70b_t0_s42_informative_v2_enriched.jsonl,1,3,PREFLOP,PREFLOP,ACTION,0.05103103630798283,0.025034713992639436,-0.854165478204505,0.7857142857142857,2.0384109969455486
dc52c4ef,phase2_70b_t0_s42_informative_v2_enriched.jsonl,3,5,PREFLOP,PREFLOP,ACTION,0.09373603354797777,0.027467649476696162,0.7942391236689895,0.8571428571428571,3.4125975587210107
2bda2525,phase2_70b_t0_s42_informative_v2_enriched.jsonl,1,3,PREFLOP,PREFLOP,ACTION,0.0,0.024585059161203317,,1.0,0.0
e2750071,phase2_70b_t0_s42_informative_v2_enriched.jsonl,1,3,PREFLOP,PREFLOP,ACTION,0.0,0.025312504083404033,,1.0,0.0
4dc12ec6,phase2_70b_t0_s42_informative_v2_enriched.jsonl,1,3,PREFLOP,PREFLOP,ACTION,0.06139957172006502,0.02577492073081564,0.5307713505154597,0.7142857142857143,2.3821439592889893
d2ebdaa3,phase2_70b_t0_s42_informative_v2_enriched.jsonl,1,3,PREFLOP,PREFLOP,ACTION,0.05103103630798283,0.025034713992639436,-0.854165478204505,0.7857142857142857,2.0384109969455486
4605a6dc,phase2_70b_t0_s42_informative_v2_enriched.jsonl,1,3,PREFLOP,PREFLOP,ACTION,0.06039024072969295,0.025359635562864344,-0.33706418170229296,0.5714285714285714,2.3813528621099764
23792632,phase2_70b_t0_s42_informative_v2_enriched.jsonl,1,2,PREFLOP,FLOP,CARD_REVEAL,0.1426739403616168,0.016073397991873677,0.6636978078001812,0.9285714285714286,8.876401892975542
5c3b0747,phase2_70b_t0_s42_informative_v2_enriched.jsonl,1,3,PREFLOP,PREFLOP,ACTION,0.08488578617883616,0.024934930457316946,0.4676062665004185,0.7142857142857143,3.4042920762960116
9fbbf424,phase2_70b_t0_s42_informative_v2_enriched.jsonl,1,3,PREFLOP,PREFLOP,ACTION,0.09965139855801274,0.02538336166566004,0.7972633985734865,0.8571428571428571,3.925855049090146
9fbbf424,phase2_70b_t0_s42_informative_v2_enriched.jsonl,3,5,PREFLOP,PREFLOP,ACTION,0.08388612946160638,0.02780895493832347,-0.9579194486411782,0.14285714285714285,3.0165149912197187
cc6517ad,phase2_70b_t02_s42_informative_v2_enriched.jsonl,1,5,PREFLOP,TURN,CARD_REVEAL,0.35608011253071836,0.05106101883826519,0.8045468154140534,0.6428571428571429,6.973619419122743
868051ad,phase2_70b_t02_s42_informative_v2_enriched.jsonl,1,2,PREFLOP,FLOP,CARD_REVEAL,0.14138695261327366,0.009944614826540198,0.41227082048912633,0.8571428571428571,14.217438792696125
868051ad,phase2_70b_t02_s42_informative_v2_enriched.jsonl,2,5,FLOP,TURN,CARD_REVEAL,0.268220607258689,0.029171696369681525,-0.13149280073980327,0.8571428571428571,9.194549533891822
a7a2fb12,phase2_70b_t02_s42_informative_v2_enriched.jsonl,1,2,PREFLOP,FLOP,CARD_REVEAL,0.24376430674906496,0.02255973624714188,0.6840111191804779,0.6428571428571429,10.80528176742083
a7a2fb12,phase2_70b_t02_s42_informative_v2_enriched.jsonl,2,4,FLOP,TURN,CARD_REVEAL,0.2489035263962465,0.0828012260395395,-0.896910829877412,0.2857142857142857,3.006036725559949
e85af81d,phase2_70b_t02_s42_informative_v2_enriched.jsonl,1,2,PREFLOP,FLOP,CARD_REVEAL,0.17206791764717724,0.014501061294634606,0.2037374839436951,0.5,11.865884444667673
e85af81d,phase2_70b_t02_s42_informative_v2_enriched.jsonl,2,4,FLOP,FLOP,ACTION,0.16864697472633963,0.030857581633856972,0.6132969862570256,0.6428571428571429,5.4653335030409504
d503ed04,phase2_70b_t02_s42_informative_v2_enriched.jsonl,1,6,PREFLOP,TURN,CARD_REVEAL,0.16046100062470472,0.04519464626848191,-0.4451721086250514,0.5,3.5504426712729447
df2ace8b,phase2_70b_t02_s42_informative_v2_enriched.jsonl,1,3,PREFLOP,PREFLOP,ACTION,0.12886992997943783,0.024796547085370595,0.87851771899037,0.6428571428571429,5.197091737642302
4c035503,phase2_70b_t02_s42_informative_v2_enriched.jsonl,1,3,PREFLOP,FLOP,CARD_REVEAL,0.20306147531458263,0.06148022500702446,0.21743860853239452,0.5,3.302874628246428
4c035503,phase2_70b_t02_s42_informative_v2_enriched.jsonl,3,8,FLOP,TURN,CARD_REVEAL,0.2239210329859523,0.04529109971058389,-0.9112996059167614,0.5714285714285714,4.944040538137455
ba2c16c2,phase2_70b_t02_s42_informative_v2_enriched.jsonl,1,2,PREFLOP,FLOP,CARD_REVEAL,0.143678645753418,0.021581001282119722,0.7147582177714676,0.5714285714285714,6.657645021895186
f0e17aea,phase2_70b_t02_s42_informative_v2_enriched.jsonl,1,4,PREFLOP,TURN,CARD_REVEAL,0.2147474915369619,0.07617998310165552,0.25081943394877604,0.5,2.8189490571348665
f0e17aea,phase2_70b_t02_s42_informative_v2_enriched.jsonl,4,7,TURN,RIVER,CARD_REVEAL,0.19008679985006915,0.025605920679318345,-0.703700494904715,0.5714285714285714,7.423548726509976
eeb35183,phase2_70b_t02_s42_informative_v2_enriched.jsonl,1,2,PREFLOP,FLOP,CARD_REVEAL,0.2367043965627307,0.009567619324826963,-0.23222532024985054,0.6428571428571429,24.740156200457072
d27149ff,phase2_70b_t02_s42_informative_v2_enriched.jsonl,1,3,PREFLOP,FLOP,CARD_REVEAL,0.150970629561377,0.05805017467759241,-0.05826855758071927,0.2857142857142857,2.6006920805985487
d27149ff,phase2_70b_t02_s42_informative_v2_enriched.jsonl,3,8,FLOP,TURN,CARD_REVEAL,0.213455481920974,0.051682713388874965,-0.9407393790142544,0.5714285714285714,4.130113686463715
2a032a37,phase2_70b_t02_s42_informative_v2_enriched.jsonl,1,5,PREFLOP,FLOP,CARD_REVEAL,0.16060834761093226,0.04986813697652172,0.21590624123654123,0.8571428571428571,3.2206606732982195
2a032a37,phase2_70b_t02_s42_informative_v2_enriched.jsonl,5,8,FLOP,TURN,CARD_REVEAL,0.1035285468695321,0.03641422145964199,-0.7244540253549501,0.7142857142857143,2.8430800582753957
6b302560,phase2_70b_t02_s42_informative_v2_enriched.jsonl,1,2,PREFLOP,FLOP,CARD_REVEAL,0.21410643892004214,0.01606272548004081,0.35766043155491994,0.6428571428571429,13.329396632351472
87988718,phase2_70b_t02_s42_informative_v2_enriched.jsonl,1,2,PREFLOP,FLOP,CARD_REVEAL,0.2888065267604678,0.011123200981920206,0.32062354760345496,0.8571428571428571,25.964335916423487
79763131,phase2_70b_t02_s42_informative_v2_enriched.jsonl,1,3,PREFLOP,FLOP,CARD_REVEAL,0.17381249559223355,0.05814525649189801,0.004594728019943289,0.42857142857142855,2.9892807441042533
d0974784,phase2_70b_t02_s42_informative_v2_enriched.jsonl,1,4,PREFLOP,FLOP,CARD_REVEAL,0.20063476309096945,0.043008062900152515,-0.3751319803971084,0.42857142857142855,4.665049982761674
8986cd62,phase2_70b_t02_s42_informative_v2_enriched.jsonl,1,2,PREFLOP,FLOP,CARD_REVEAL,0.22415276660642883,0.01482972489947489,-0.033563375228034154,0.5714285714285714,15.115099445598341
8986cd62,phase2_70b_t02_s42_informative_v2_enriched.jsonl,2,4,FLOP,FLOP,ACTION,0.045703839122486295,0.031163844055724355,0.019891170147087932,0.9285714285714286,1.466566160476315
8986cd62,phase2_70b_t02_s42_informative_v2_enriched.jsonl,4,5,FLOP,TURN,CARD_REVEAL,0.04584077595545069,0.00615179996378228,0.27944757884028826,0.9285714285714286,7.45160379487805
be444255,phase2_70b_t02_s42_informative_v2_enriched.jsonl,1,3,PREFLOP,FLOP,CARD_REVEAL,0.14121946407462216,0.0564640369405264,0.037294429010560876,0.5,2.5010514962536012
8c9eaef1,phase2_70b_t02_s42_informative_v2_enriched.jsonl,1,7,PREFLOP,TURN,CARD_REVEAL,0.24873854070974621,0.04588843959218281,-0.22328495678822535,0.5714285714285714,5.420505532990913
c5d75836,phase2_70b_t02_s42_informative_v2_enriched.jsonl,1,3,PREFLOP,PREFLOP,ACTION,0.07033232263234891,0.025127716265743356,-0.40651819816678525,0.7142857142857143,2.798993823733717
c5d75836,phase2_70b_t02_s42_informative_v2_enriched.jsonl,3,5,PREFLOP,PREFLOP,ACTION,0.14503154395014176,0.02755076033535687,0.7655172770194397,0.7857142857142857,5.264157583484824
85bab0f4,phase2_70b_t02_s42_informative_v2_enriched.jsonl,1,2,PREFLOP,FLOP,CARD_REVEAL,0.30654364583647964,0.013062459808952737,0.1909264725716939,0.6428571428571429,23.467528346106835
787956c2,phase2_70b_t02_s42_informative_v2_enriched.jsonl,1,2,PREFLOP,FLOP,CARD_REVEAL,0.1450997173359481,0.004443581801823342,0.04305050696193053,0.7857142857142857,32.65377432151898
27c10a55,phase2_70b_t02_s42_informative_v2_enriched.jsonl,1,3,PREFLOP,PREFLOP,ACTION,0.16151534481766816,0.025448625625674244,-0.7131041795740232,0.42857142857142855,6.346721712732529
27c10a55,phase2_70b_t02_s42_informative_v2_enriched.jsonl,3,5,PREFLOP,PREFLOP,ACTION,0.08022631492196669,0.027951305906140957,-0.5548682422818154,0.35714285714285715,2.87021705502285
7269aa44,phase2_70b_t02_s42_informative_v2_enriched.jsonl,1,2,PREFLOP,FLOP,CARD_REVEAL,0.07659275668103158,0.00902603279094359,0.04221414888067965,0.6428571428571429,8.485760959995858
6dcea7f6,phase2_70b_t02_s42_informative_v2_enriched.jsonl,1,2,PREFLOP,FLOP,CARD_REVEAL,0.19068218230281422,0.0075854486009433696,0.18258810513738147,0.7142857142857143,25.137891288209364
6dcea7f6,phase2_70b_t02_s42_informative_v2_enriched.jsonl,2,4,FLOP,FLOP,ACTION,0.07769365435981505,0.03263585592508114,0.13796268612045645,0.8571428571428571,2.3806225440561013
d5e22f1b,phase2_70b_t02_s42_informative_v2_enriched.jsonl,1,3,PREFLOP,PREFLOP,ACTION,0.030089650263257325,0.02553490925059142,-0.0006962611603019581,0.9285714285714286,1.1783731035801668
ac108c0d,phase2_70b_t02_s42_informative_v2_enriched.jsonl,1,7,PREFLOP,TURN,CARD_REVEAL,0.18850348084114607,0.03935923127418597,0.06261128172567962,0.5714285714285714,4.789307990493641
0a20f07c,phase2_70b_t02_s42_informative_v2_enriched.jsonl,1,3,PREFLOP,PREFLOP,ACTION,0.35323255501776407,0.032136192616735684,-0.9607042330834953,0.07142857142857142,10.991736302756967
0a20f07c,phase2_70b_t02_s42_informative_v2_enriched.jsonl,3,7,PREFLOP,FLOP,CARD_REVEAL,0.30005424268891256,0.05577710407468438,-0.8766084388463258,0.5,5.379523509989801
c25be2a7,phase2_70b_t02_s42_informative_v2_enriched.jsonl,1,2,PREFLOP,FLOP,CARD_REVEAL,0.20720704945187923,0.016892261868205905,-0.06595667417675968,0.42857142857142855,12.26638866177406
1da04344,phase2_70b_t02_s42_informative_v2_enriched.jsonl,1,3,PREFLOP,PREFLOP,ACTION,0.0424240438240724,0.025039745941447773,0.32802922132161905,0.42857142857142855,1.6942681416686725
1da04344,phase2_70b_t02_s42_informative_v2_enriched.jsonl,3,5,PREFLOP,PREFLOP,ACTION,0.1395776160576267,0.02743568028504055,-0.6140817178153861,0.5,5.087448702109717
1da04344,phase2_70b_t02_s42_informative_v2_enriched.jsonl,5,6,PREFLOP,FLOP,CARD_REVEAL,0.20528490050567777,0.012123137163203986,0.368945446569612,0.6428571428571429,16.933315010965664
ea4ed4ad,phase2_70b_t02_s42_informative_v2_enriched.jsonl,1,3,PREFLOP,PREFLOP,ACTION,0.08400042907319684,0.025276114113777386,-0.7565190313825779,0.42857142857142855,3.323312622149078
ea4ed4ad,phase2_70b_t02_s42_informative_v2_enriched.jsonl,3,5,PREFLOP,PREFLOP,ACTION,0.21169588729194272,0.027727450159782004,-0.8480266037228932,0.35714285714285715,7.634884782842473
ea4ed4ad,phase2_70b_t02_s42_informative_v2_enriched.jsonl,5,6,PREFLOP,FLOP,CARD_REVEAL,0.22650524016830484,0.014127923061438957,-0.5884568732569415,0.35714285714285715,16.032451421435958
06e0c493,phase2_70b_t02_s42_informative_v2_enriched.jsonl,1,2,PREFLOP,FLOP,CARD_REVEAL,0.21266467231162028,0.019303607931402622,0.02266781779008592,0.6428571428571429,11.016835457254743
085d3240,phase2_70b_t02_s42_informative_v2_enriched.jsonl,1,2,PREFLOP,FLOP,CARD_REVEAL,0.1860724294825234,0.007571371293657784,-0.1464428321639926,0.5714285714285714,24.575789809487794
1839f812,phase2_70b_t02_s42_informative_v2_enriched.jsonl,1,2,PREFLOP,FLOP,CARD_REVEAL,0.21150505900114105,0.01769645835623927,0.20547976725106823,0.7857142857142857,11.951829837554495
1839f812,phase2_70b_t02_s42_informative_v2_enriched.jsonl,2,5,FLOP,TURN,CARD_REVEAL,0.06776050984064222,0.030360594648102167,-0.43588300483978243,0.7142857142857143,2.231857136726995
1839f812,phase2_70b_t02_s42_informative_v2_enriched.jsonl,5,7,TURN,TURN,ACTION,0.12771816711787615,0.03300251433965183,0.29263069338263514,0.5714285714285714,3.869952628561559
4f24dfc4,phase2_70b_t02_s42_informative_v2_enriched.jsonl,1,3,PREFLOP,PREFLOP,ACTION,0.05094632060974975,0.02480822539995839,-0.4845651473005408,0.2857142857142857,2.053606003186153
4f24dfc4,phase2_70b_t02_s42_informative_v2_enriched.jsonl,3,5,PREFLOP,PREFLOP,ACTION,0.1329949235016804,0.027220640559018114,0.15052400068052008,0.7142857142857143,4.885811677110574
f68f12d8,phase2_70b_t02_s42_informative_v2_enriched.jsonl,1,2,PREFLOP,FLOP,CARD_REVEAL,0.2562214921235923,0.011316304634145156,-0.378374740167067,0.5,22.641798750316827
977c9406,phase2_70b_t02_s42_informative_v2_enriched.jsonl,1,2,PREFLOP,FLOP,CARD_REVEAL,0.18492866492545473,0.010672875415195286,0.13639136091415682,0.5,17.326976820339002
23e2c6bd,phase2_70b_t02_s42_informative_v2_enriched.jsonl,1,4,PREFLOP,FLOP,CARD_REVEAL,0.20466290100449497,0.03581197116919133,0.10842755929069403,0.7142857142857143,5.714929793659734
23e2c6bd,phase2_70b_t02_s42_informative_v2_enriched.jsonl,4,5,FLOP,TURN,CARD_REVEAL,0.11939211282238309,0.01064896108869877,-0.053060312499457044,0.7142857142857143,11.211620723179108
39214558,phase2_70b_t02_s42_informative_v2_enriched.jsonl,1,3,PREFLOP,PREFLOP,ACTION,0.024756999635586148,0.025064949347156154,0.4794680046715235,0.8571428571428571,0.9877139304251199
8100c512,phase2_70b_t02_s42_informative_v2_enriched.jsonl,1,3,PREFLOP,PREFLOP,ACTION,0.050169779775489226,0.024671488356006643,-0.06675205923419408,0.8571428571428571,2.0335124922965844
f844e23d,phase2_70b_t02_s42_informative_v2_enriched.jsonl,1,4,PREFLOP,TURN,CARD_REVEAL,0.03500986664387758,0.07694828029462147,-0.491682938828612,0.6428571428571429,0.4549791952442723
834af95d,phase2_70b_t02_s42_informative_v2_enriched.jsonl,1,2,PREFLOP,FLOP,CARD_REVEAL,0.22796747913515727,0.02308125302331418,-0.7039094569082333,0.42857142857142855,9.876737580273014
062c7b87,phase2_70b_t02_s42_informative_v2_enriched.jsonl,1,4,PREFLOP,FLOP,CARD_REVEAL,0.21084290584816565,0.026358885018106678,0.4528489118070835,0.7857142857142857,7.9989311271448535
cca1bdbc,phase2_70b_t02_s42_informative_v2_enriched.jsonl,1,3,PREFLOP,PREFLOP,ACTION,0.07601986491379936,0.03105505857804321,0.4839542169514989,0.7142857142857143,2.447906022226843
4191fa3e,phase2_70b_t02_s42_informative_v2_enriched.jsonl,1,2,PREFLOP,FLOP,CARD_REVEAL,0.1205657553343766,0.019108483637421122,-0.037637516779604946,0.6428571428571429,6.309540705692968
4191fa3e,phase2_70b_t02_s42_informative_v2_enriched.jsonl,2,4,FLOP,TURN,CARD_REVEAL,0.1070511697505529,0.076890472386592,0.7227307647549246,0.42857142857142855,1.3922553266719202
4191fa3e,phase2_70b_t02_s42_informative_v2_enriched.jsonl,4,6,TURN,TURN,ACTION,0.18723967283281592,0.02741927160506614,-0.9133238381960674,0.21428571428571427,6.82876173844897
6162b942,phase2_70b_t02_s42_informative_v2_enriched.jsonl,1,3,PREFLOP,FLOP,CARD_REVEAL,0.21536318058021742,0.06369823086775196,0.017411008361095853,0.5,3.3809915541822018
53058f0e,phase2_70b_t02_s42_informative_v2_enriched.jsonl,1,2,PREFLOP,FLOP,CARD_REVEAL,0.16300577289650334,0.008359394884038921,-0.0430925671636652,0.5,19.499709627037685
2735c920,phase2_70b_t02_s42_informative_v2_enriched.jsonl,1,2,PREFLOP,FLOP,CARD_REVEAL,0.21205645988007707,0.014626604562756865,-0.303659944033863,0.5,14.49799637162735
19537ae5,phase2_70b_t02_s42_informative_v2_enriched.jsonl,1,3,PREFLOP,FLOP,CARD_REVEAL,0.23193614564543547,0.07312625344662219,-0.4013441734989439,0.35714285714285715,3.1717219837432946
d26beebe,phase2_70b_t02_s42_informative_v2_enriched.jsonl,1,2,PREFLOP,FLOP,CARD_REVEAL,0.09964533942771767,0.011931102278142156,-0.19921119849145033,0.42857142857142855,8.35172954725805
febd0df3,phase2_70b_t02_s42_informative_v2_enriched.jsonl,1,3,PREFLOP,PREFLOP,ACTION,0.2142724351571099,0.02596638520453048,0.47651886081198197,0.5,8.251916216652472
ca23e594,phase2_70b_t02_s42_informative_v2_enriched.jsonl,1,2,PREFLOP,FLOP,CARD_REVEAL,0.21318368451242337,0.03251719923045455,-0.23284153384278033,0.5714285714285714,6.5560284882334665
ca23e594,phase2_70b_t02_s42_informative_v2_enriched.jsonl,2,9,FLOP,RIVER,CARD_REVEAL,0.24013485876932533,0.03276938258284652,0.9091232681883522,0.9285714285714286,7.328025121078309
15f70ee0,phase2_70b_t02_s42_informative_v2_enriched.jsonl,1,3,PREFLOP,PREFLOP,ACTION,0.05763873475903624,0.02586877199267252,-0.09152729794524701,0.7142857142857143,2.2281202515280873
15f70ee0,phase2_70b_t02_s42_informative_v2_enriched.jsonl,3,5,PREFLOP,PREFLOP,ACTION,0.06319565223983226,0.028332685305822666,-0.9230409969883017,0.35714285714285715,2.230485799623267
41557eb7,phase2_70b_t02_s42_informative_v2_enriched.jsonl,1,2,PREFLOP,FLOP,CARD_REVEAL,0.18582579401742985,0.014963642797701123,-0.26081234344367704,0.35714285714285715,12.41848636255728
c05612a6,phase2_70b_t02_s42_informative_v2_enriched.jsonl,1,3,PREFLOP,PREFLOP,ACTION,0.08646177868976429,0.032136192616735684,-0.535608207397973,0.5714285714285714,2.6904798499601124
c05612a6,phase2_70b_t02_s42_informative_v2_enriched.jsonl,3,7,PREFLOP,TURN,CARD_REVEAL,0.14954951376834508,0.16744232474498044,-0.4960678289701797,0.5,0.8931404529656009
ad11986b,phase2_70b_t02_s42_informative_v2_enriched.jsonl,1,4,PREFLOP,FLOP,CARD_REVEAL,0.25845810282885,0.03672816548420621,0.3522431800650433,0.6428571428571429,7.037054517193127
ad11986b,phase2_70b_t02_s42_informative_v2_enriched.jsonl,4,5,FLOP,TURN,CARD_REVEAL,0.08225724187310719,0.009075096067760094,0.1446062703298557,0.9285714285714286,9.064062932108424
ad11986b,phase2_70b_t02_s42_informative_v2_enriched.jsonl,5,7,TURN,TURN,ACTION,0.19710574102992165,0.0314148710158199,0.30670418197414817,0.6428571428571429,6.274281404200678
8baca335,phase2_70b_t02_s42_informative_v2_enriched.jsonl,1,5,PREFLOP,FLOP,CARD_REVEAL,0.11679688499989634,0.05027757127214303,-0.14382488021292444,0.35714285714285715,2.323041508264128
6a31a55f,phase2_70b_t02_s42_informative_v2_enriched.jsonl,1,2,PREFLOP,FLOP,CARD_REVEAL,0.24205381389899427,0.008973890143154455,-0.4755984544277443,0.42857142857142855,26.97311979951526
0b80bc85,phase2_70b_t02_s42_informative_v2_enriched.jsonl,1,5,PREFLOP,TURN,CARD_REVEAL,0.12139111363331254,0.03731039565059489,-0.37653888122735196,0.7142857142857143,3.2535466728929485
0b80bc85,phase2_70b_t02_s42_informative_v2_enriched.jsonl,5,7,TURN,TURN,ACTION,0.17207276669199292,0.03301143588132281,0.61119183475253,0.7142857142857143,5.212519907058879
8f662215,phase2_70b_t02_s42_informative_v2_enriched.jsonl,1,2,PREFLOP,FLOP,CARD_REVEAL,0.12845433317268948,0.006946328378082248,0.6660100605909636,0.9285714285714286,18.492407237469724
8f662215,phase2_70b_t02_s42_informative_v2_enriched.jsonl,2,4,FLOP,TURN,CARD_REVEAL,0.16018042567619517,0.08845277005952099,0.7905223332006894,0.8571428571428571,1.810914746575011
c7dc125a,phase2_70b_t02_s42_informative_v2_enriched.jsonl,1,5,PREFLOP,PREFLOP,ACTION,0.04309406879643763,0.052656865519021843,0.21028008655696706,0.8571428571428571,0.8183941138856863
240fe692,phase2_70b_t02_s42_informative_v2_enriched.jsonl,1,5,PREFLOP,TURN,CARD_REVEAL,0.217541552619272,0.03814380496149483,-0.11611456684155483,0.42857142857142855,5.703194865820923
3f5e42f4,phase2_70b_t02_s42_informative_v2_enriched.jsonl,1,2,PREFLOP,FLOP,CARD_REVEAL,0.18296090007750346,0.006502666470920324,-0.025128406561561373,0.6428571428571429,28.136288535741084
3f5e42f4,phase2_70b_t02_s42_informative_v2_enriched.jsonl,2,6,FLOP,TURN,CARD_REVEAL,0.110493227492466,0.0568365923454033,0.5795005871255975,0.6428571428571429,1.9440508822377036
7f40dd9c,phase2_70b_t02_s42_informative_v2_enriched.jsonl,1,4,PREFLOP,TURN,CARD_REVEAL,0.19957797418626597,0.08275759081375213,0.049820779733588005,0.42857142857142855,2.4115971988046487
37623bf0,phase2_70b_t02_s42_informative_v2_enriched.jsonl,1,6,PREFLOP,RIVER,CARD_REVEAL,0.21824633091989773,0.15803061073435157,-0.005622465679439172,0.42857142857142855,1.3810383311545154
7e032862,phase2_70b_t02_s42_informative_v2_enriched.jsonl,1,2,PREFLOP,FLOP,CARD_REVEAL,0.2270599911643398,0.012363487347355583,0.1332832370877555,0.5714285714285714,18.365367698047226
c067b677,phase2_70b_t02_s42_informative_v2_enriched.jsonl,1,5,PREFLOP,FLOP,CARD_REVEAL,0.1547279572047041,0.04538323078151498,-0.0670335129170408,0.7142857142857143,3.409364087576732
c067b677,phase2_70b_t02_s42_informative_v2_enriched.jsonl,5,6,FLOP,TURN,CARD_REVEAL,0.1398919518340494,0.0043509927540650965,0.2714523102611905,0.9285714285714286,32.15173174061242
4ceadc2b,phase2_70b_t02_s42_informative_v2_enriched.jsonl,1,3,PREFLOP,PREFLOP,ACTION,0.10395506225752632,0.02572440562897169,0.812098129321009,0.8571428571428571,4.041106479072489
3aa68c72,phase2_70b_t02_s42_informative_v2_enriched.jsonl,1,2,PREFLOP,FLOP,CARD_REVEAL,0.1838358177063716,0.017554785020504362,-0.5636309642530972,0.6428571428571429,10.472120136569458
301fccae,phase2_70b_t02_s42_informative_v2_enriched.jsonl,1,2,PREFLOP,FLOP,CARD_REVEAL,0.16158267084226957,0.013559052663599679,0.08430291629325534,0.5714285714285714,11.916958717628606
db11f935,phase2_70b_t02_s42_informative_v2_enriched.jsonl,1,3,PREFLOP,PREFLOP,ACTION,0.11785113019775793,0.025039745941447773,0.730265170433794,0.7857142857142857,4.70656253754881
6ae1a283,phase2_70b_t02_s42_informative_v2_enriched.jsonl,1,3,PREFLOP,PREFLOP,ACTION,0.06960633105051614,0.03130298847660439,-0.41274407223668647,0.6428571428571429,2.2236321334795037
105cd420,phase2_70b_t02_s42_informative_v2_enriched.jsonl,1,3,PREFLOP,PREFLOP,ACTION,0.05892556509887891,0.024507762514233995,0.7214098003601086,0.9285714285714286,2.4043633140583607
105cd420,phase2_70b_t02_s42_informative_v2_enriched.jsonl,3,5,PREFLOP,PREFLOP,ACTION,0.07771892860877265,0.026970777984497398,0.4091281981371522,0.6428571428571429,2.8815975814062504
7005189f,phase2_70b_t02_s42_informative_v2_enriched.jsonl,1,4,PREFLOP,FLOP,CARD_REVEAL,0.1522809381603099,0.02900060875598304,0.056498469388570914,0.6428571428571429,5.250956607208916
6d4e269a,phase2_70b_t02_s42_informative_v2_enriched.jsonl,1,3,PREFLOP,PREFLOP,ACTION,0.19086378274390564,0.024711259502386763,0.7254311187758298,0.8571428571428571,7.723757776307228
6d4e269a,phase2_70b_t02_s42_informative_v2_enriched.jsonl,3,8,PREFLOP,TURN,CARD_REVEAL,0.3322441464337727,0.027438204047924717,0.8480341962260252,0.9285714285714286,12.10881535298233
381fb5e8,phase2_70b_t02_s42_informative_v2_enriched.jsonl,1,2,PREFLOP,FLOP,CARD_REVEAL,0.24600599492436684,0.009229629274696486,0.33279607006825906,0.6428571428571429,26.65394108502334
381fb5e8,phase2_70b_t02_s42_informative_v2_enriched.jsonl,2,4,FLOP,FLOP,ACTION,0.13447958064441431,0.03235205062105056,0.366190453773103,0.5,4.156756003494637
381fb5e8,phase2_70b_t02_s42_informative_v2_enriched.jsonl,4,5,FLOP,TURN,CARD_REVEAL,0.15960002230845227,0.005628120685306575,0.1356819130656739,0.7142857142857143,28.357604826265117
54433de5,phase2_70b_t02_s42_informative_v2_enriched.jsonl,1,6,PREFLOP,TURN,CARD_REVEAL,0.24040781175164716,0.06528584915387851,-0.024768133371182045,0.6428571428571429,3.6823877588695644
88c9c52c,phase2_70b_t02_s42_informative_v2_enriched.jsonl,1,2,PREFLOP,FLOP,CARD_REVEAL,0.13970488276533413,0.010112862112174178,0.07251793359302089,0.7142857142857143,13.814574075637108
c5e32472,phase2_70b_t02_s42_informative_v2_enriched.jsonl,1,3,PREFLOP,PREFLOP,ACTION,0.07130359436884551,0.024796547085370595,0.2579526470945671,0.35714285714285715,2.875545297631904
4f516b56,phase2_70b_t02_s42_informative_v2_enriched.jsonl,1,2,PREFLOP,FLOP,CARD_REVEAL,0.11606767552531627,0.007052764127610029,0.38748032284417977,0.7857142857142857,16.457047680204802
4f516b56,phase2_70b_t02_s42_informative_v2_enriched.jsonl,2,6,FLOP,TURN,CARD_REVEAL,0.08235520772856218,0.0601171749079314,-0.36193296765870636,0.35714285714285715,1.3699114746274756
643c6bde,phase2_70b_t02_s42_informative_v2_enriched.jsonl,1,2,PREFLOP,FLOP,CARD_REVEAL,0.11513214225259165,0.019612935702700354,-0.7436954626826087,0.2857142857142857,5.870214637818855
643c6bde,phase2_70b_t02_s42_informative_v2_enriched.jsonl,2,4,FLOP,FLOP,ACTION,0.27742375331836056,0.03299088010417814,-0.5657062774726876,0.6428571428571429,8.40910434769596
643c6bde,phase2_70b_t02_s42_informative_v2_enriched.jsonl,4,5,FLOP,TURN,CARD_REVEAL,0.10036048487508806,0.01589927302037176,-0.6580621775372492,0.2857142857142857,6.3122687903085914
643c6bde,phase2_70b_t02_s42_informative_v2_enriched.jsonl,5,7,TURN,TURN,ACTION,0.24653303959318287,0.033215929498244354,-0.9175449865592207,0.5,7.422132793430138
022e7dd1,phase2_70b_t02_s42_informative_v2_enriched.jsonl,1,2,PREFLOP,FLOP,CARD_REVEAL,0.11141912158070162,0.01072617804868862,0.10701885738279351,0.5714285714285714,10.38758829798874
0ff08e3e,phase2_70b_t02_s42_informative_v2_enriched.jsonl,1,4,PREFLOP,FLOP,CARD_REVEAL,0.24150769762777335,0.05303875709816649,-0.10618616595068545,0.42857142857142855,4.553419251148367
0ff08e3e,phase2_70b_t02_s42_informative_v2_enriched.jsonl,4,7,FLOP,RIVER,CARD_REVEAL,0.1619767395353791,0.09120145907639125,-0.302013919605484,0.6428571428571429,1.7760323264094469
57638098,phase2_70b_t02_s42_informative_v2_enriched.jsonl,1,2,PREFLOP,FLOP,CARD_REVEAL,0.18555741240125,0.013630988519581977,-0.06971099824206073,0.6428571428571429,13.612909447813145
bfc74893,phase2_70b_t02_s42_informative_v2_enriched.jsonl,1,2,PREFLOP,FLOP,CARD_REVEAL,0.15071341589307413,0.010027979341339524,-0.4770336311831916,0.5,15.029290624061263
55660289,phase2_70b_t02_s42_informative_v2_enriched.jsonl,1,2,PREFLOP,FLOP,CARD_REVEAL,0.12639892972277625,0.01178843808016744,0.04001347817524617,0.5714285714285714,10.72227964919513
55660289,phase2_70b_t02_s42_informative_v2_enriched.jsonl,2,4,FLOP,FLOP,ACTION,0.15542584414689664,0.032150994724172745,0.14958283994265392,0.7857142857142857,4.834246824408193
c474db2b,phase2_70b_t02_s42_informative_v2_enriched.jsonl,1,2,PREFLOP,FLOP,CARD_REVEAL,0.13246027142982145,0.011212941534420788,-0.12037930747122598,0.6428571428571429,11.813159911982344
242f6beb,phase2_70b_t02_s42_informative_v2_enriched.jsonl,1,3,PREFLOP,PREFLOP,ACTION,0.06160977379368828,0.025666871346057274,0.06589282049350964,0.7142857142857143,2.4003616554205487
242f6beb,phase2_70b_t02_s42_informative_v2_enriched.jsonl,3,7,PREFLOP,FLOP,CARD_REVEAL,0.18892616204529594,0.04949021905208947,0.5385161193353006,0.6428571428571429,3.817444449911351
d387646a,phase2_70b_t02_s42_informative_v2_enriched.jsonl,1,4,PREFLOP,TURN,CARD_REVEAL,0.2396930012129055,0.06553212717712424,-0.5017438585038907,0.42857142857142855,3.6576410920562457
320d593e,phase2_70b_t02_s42_informative_v2_enriched.jsonl,1,2,PREFLOP,FLOP,CARD_REVEAL,0.11034623043379953,0.005826336847702583,-0.13768470268489869,0.5714285714285714,18.939212290362303
58fda03f,phase2_70b_t02_s42_informative_v2_enriched.jsonl,3,5,PREFLOP,PREFLOP,ACTION,0.12606711572100623,0.027220640559018114,0.8071095176338209,0.7142857142857143,4.631305991777647
b79fcad3,phase2_70b_t02_s42_informative_v2_enriched.jsonl,1,2,PREFLOP,FLOP,CARD_REVEAL,0.12635730081356267,0.01160069236364209,-0.2762292005668651,0.42857142857142855,10.892220641035275
59dbf44c,phase2_70b_t02_s42_informative_v2_enriched.jsonl,1,2,PREFLOP,FLOP,CARD_REVEAL,0.08193865220401546,0.012254388808973895,0.27992833603928147,0.7142857142857143,6.686474003828877
59dbf44c,phase2_70b_t02_s42_informative_v2_enriched.jsonl,2,4,FLOP,FLOP,ACTION,0.19125252120917796,0.031196774523106614,0.005245616020081591,0.5714285714285714,6.1305222777926085
385a0e1b,phase2_70b_t02_s42_informative_v2_enriched.jsonl,2,4,FLOP,FLOP,ACTION,0.22574266609302426,0.0316406823201065,-0.12013048121563895,0.42857142857142855,7.134570102161578
385a0e1b,phase2_70b_t02_s42_informative_v2_enriched.jsonl,4,5,FLOP,TURN,CARD_REVEAL,0.16106437557650796,0.008813354563773391,0.8337184179561473,1.0,18.275036413325587
385a0e1b,phase2_70b_t02_s42_informative_v2_enriched.jsonl,5,7,TURN,TURN,ACTION,0.17676836557122164,0.03214589215321948,-0.8944193812031881,0.35714285714285715,5.498941038210318
e336cef6,phase2_70b_t02_s42_informative_v2_enriched.jsonl,2,4,FLOP,FLOP,ACTION,0.10908155590281876,0.032157611963994866,0.19416554093506788,0.5,3.392091304072935
20335a4c,phase2_70b_t02_s42_informative_v2_enriched.jsonl,1,2,PREFLOP,FLOP,CARD_REVEAL,0.13795797148888334,0.013543978262547211,-0.2384038890217188,0.7142857142857143,10.185926824053956
e0144c5c,phase2_70b_t02_s42_informative_v2_enriched.jsonl,1,3,PREFLOP,PREFLOP,ACTION,0.10332148685518452,0.025924291659667628,-0.8979784098772916,0.35714285714285715,3.9855085805846544
e0144c5c,phase2_70b_t02_s42_informative_v2_enriched.jsonl,3,5,PREFLOP,PREFLOP,ACTION,0.07667310457613813,0.028334209233217823,-0.5597712719049333,0.6428571428571429,2.706025918882883
b2fb751f,phase2_70b_t02_s42_informative_v2_enriched.jsonl,1,3,PREFLOP,PREFLOP,ACTION,0.14076838040869852,0.03168727724579084,-0.10581214491142353,0.42857142857142855,4.442425877010225
b2fb751f,phase2_70b_t02_s42_informative_v2_enriched.jsonl,3,5,PREFLOP,FLOP,CARD_REVEAL,0.3368046096062231,0.0761498658556749,0.8243130795229886,0.5,4.422917963434909
b2fb751f,phase2_70b_t02_s42_informative_v2_enriched.jsonl,5,7,FLOP,FLOP,ACTION,0.10240944848397956,0.02907399940581456,0.5454383477739262,0.7857142857142857,3.522372242447612
880fbf03,phase2_70b_t02_s42_informative_v2_enriched.jsonl,1,2,PREFLOP,FLOP,CARD_REVEAL,0.14894923752038255,0.0070704359885775375,0.6303766330056161,0.9285714285714286,21.06648554078047
01f1596b,phase2_70b_t02_s42_informative_v2_enriched.jsonl,1,2,PREFLOP,FLOP,CARD_REVEAL,0.2864765712673792,0.010861804649613425,-0.35237938644316114,0.6428571428571429,26.37467534251548
489af27c,phase2_70b_t02_s42_informative_v2_enriched.jsonl,1,2,PREFLOP,FLOP,CARD_REVEAL,0.21008417878415456,0.014979235551003259,0.28812054617110044,0.5,14.025026715738095
489af27c,phase2_70b_t02_s42_informative_v2_enriched.jsonl,2,4,FLOP,FLOP,ACTION,0.12015904417798777,0.032713776021806064,-0.8502422419205913,0.5,3.6730411095892204
489af27c,phase2_70b_t02_s42_informative_v2_enriched.jsonl,4,5,FLOP,TURN,CARD_REVEAL,0.11159140540986909,0.0068593085374881934,-0.01752990852575058,0.6428571428571429,16.268608533934337
6831d247,phase2_70b_t02_s42_informative_v2_enriched.jsonl,1,2,PREFLOP,FLOP,CARD_REVEAL,0.1776832005125687,0.0076139431514656315,-0.4236250802034101,0.5714285714285714,23.33655465740717
61a74b5f,phase2_70b_t02_s42_informative_v2_enriched.jsonl,1,2,PREFLOP,FLOP,CARD_REVEAL,0.15150145942153354,0.008024791851636567,0.028105941872257928,0.6428571428571429,18.879176210737043
61a74b5f,phase2_70b_t02_s42_informative_v2_enriched.jsonl,2,4,FLOP,FLOP,ACTION,0.22419134439507651,0.03341247010278289,-0.9194986599607661,0.2857142857142857,6.70981054993608
0fe67064,phase2_70b_t02_s42_informative_v2_enriched.jsonl,1,3,PREFLOP,FLOP,CARD_REVEAL,0.1532644161686342,0.081236376697368,0.36683280759136444,0.6428571428571429,1.8866476128002871
0fe67064,phase2_70b_t02_s42_informative_v2_enriched.jsonl,3,5,FLOP,FLOP,ACTION,0.1028570666455126,0.02787936098108128,0.058822165707583446,0.6428571428571429,3.689362418145474
077bb790,phase2_70b_t02_s42_informative_v2_enriched.jsonl,1,3,PREFLOP,PREFLOP,ACTION,0.0861990823939061,0.02578094415996738,0.6732215257106585,0.7142857142857143,3.3435192233089714
077bb790,phase2_70b_t02_s42_informative_v2_enriched.jsonl,3,4,PREFLOP,FLOP,CARD_REVEAL,0.09879933815956805,0.014118630246380022,0.20303153135296895,0.6428571428571429,6.9977991090814164
c30340a4,phase2_70b_t02_s42_informative_v2_enriched.jsonl,1,2,PREFLOP,FLOP,CARD_REVEAL,0.31255863859534805,0.013290776291142902,0.6468757601269993,0.7142857142857143,23.516958810272058
61606c94,phase2_70b_t02_s42_informative_v2_enriched.jsonl,1,2,PREFLOP,FLOP,CARD_REVEAL,0.12441281840194783,0.00843881564691745,-0.045669694197359015,0.5,14.74292407932784
c39931d0,phase2_70b_t02_s42_informative_v2_enriched.jsonl,1,2,PREFLOP,FLOP,CARD_REVEAL,0.08869968944566797,0.00984143439611214,-0.4940685487541172,0.42857142857142855,9.012882256341495
c39931d0,phase2_70b_t02_s42_informative_v2_enriched.jsonl,2,5,FLOP,TURN,CARD_REVEAL,0.09313340265626797,0.028540215059951368,0.26552942845397104,0.7142857142857143,3.263234087782192
4a9854ef,phase2_70b_t02_s42_informative_v2_enriched.jsonl,1,5,PREFLOP,FLOP,CARD_REVEAL,0.5339494740294501,0.03636772231107136,0.9355335196485727,0.9285714285714286,14.681960818505834
fee50daa,phase2_70b_t02_s42_informative_v2_enriched.jsonl,1,2,PREFLOP,FLOP,CARD_REVEAL,0.2741539167682148,0.014245852439699105,0.682263312780315,0.9285714285714286,19.24447258798122
fee50daa,phase2_70b_t02_s42_informative_v2_enriched.jsonl,2,5,FLOP,TURN,CARD_REVEAL,0.19876095418185463,0.035113617223225216,0.8880564647000762,0.9285714285714286,5.660509224050779
5a902960,phase2_70b_t02_s42_informative_v2_enriched.jsonl,1,7,PREFLOP,FLOP,CARD_REVEAL,0.20207411933283792,0.024884885214940096,0.19967177817080464,0.5714285714285714,8.120355693323392
5f9fddb8,phase2_70b_t02_s42_informative_v2_enriched.jsonl,1,3,PREFLOP,PREFLOP,ACTION,0.05443310539518173,0.02577492073081576,-0.860971465392167,0.7857142857142857,2.111863154252229
5f9fddb8,phase2_70b_t02_s42_informative_v2_enriched.jsonl,3,4,PREFLOP,FLOP,CARD_REVEAL,0.10719229826346797,0.009244000255833003,-0.35597291397567055,0.7857142857142857,11.595877898838134
4371b0bc,phase2_70b_t02_s42_informative_v2_enriched.jsonl,1,3,PREFLOP,PREFLOP,ACTION,0.0988506848015258,0.03168727724579084,0.5317668944676657,0.6428571428571429,3.119570168012986
4371b0bc,phase2_70b_t02_s42_informative_v2_enriched.jsonl,3,5,PREFLOP,FLOP,CARD_REVEAL,0.1928527545798312,0.08181455094207923,0.17206694423662008,0.5714285714285714,2.357193828715893
c2e73dbb,phase2_70b_t02_s42_informative_v2_enriched.jsonl,1,2,PREFLOP,FLOP,CARD_REVEAL,0.26496633081172,0.010587767051610637,0.34535435765677663,0.8571428571428571,25.02570461931467
c2e73dbb,phase2_70b_t02_s42_informative_v2_enriched.jsonl,2,5,FLOP,TURN,CARD_REVEAL,0.014156291915646588,0.041152809058730394,0.653159782309271,1.0,0.3439933321548894
77777215,phase2_70b_t02_s42_informative_v2_enriched.jsonl,1,3,PREFLOP,PREFLOP,ACTION,0.29621745155632095,0.03130298847660439,0.8812259725994379,0.7857142857142857,9.462912839063643
77777215,phase2_70b_t02_s42_informative_v2_enriched.jsonl,3,5,PREFLOP,FLOP,CARD_REVEAL,0.28142805429390727,0.10134554712132807,0.607495928832702,0.42857142857142855,2.7769158319012224
77777215,phase2_70b_t02_s42_informative_v2_enriched.jsonl,5,7,FLOP,FLOP,ACTION,0.15004440722873064,0.028076170428229276,0.6691349801013169,0.7142857142857143,5.344190640681822
4d966f93,phase2_70b_t02_s42_informative_v2_enriched.jsonl,1,2,PREFLOP,FLOP,CARD_REVEAL,0.24045023197663565,0.007284549366083944,0.1151427037211363,0.7857142857142857,33.00825073629748
bf728c29,phase2_70b_t02_s42_informative_v2_enriched.jsonl,1,7,PREFLOP,TURN,CARD_REVEAL,0.10603954942794457,0.0848580096975159,0.5527639172491722,0.6428571428571429,1.2496115547127749
adfdffd2,phase2_70b_t02_s42_informative_v2_enriched.jsonl,1,2,PREFLOP,FLOP,CARD_REVEAL,0.17131680612783107,0.006570863800543713,0.16228311789038297,0.7142857142857143,26.072189491076543
